,path,name
0,MS4/data/faces/face_2257.jpg,face
1,MS4/data/faces/face_995.jpg,face
2,MS4/data/faces/face_985.jpg,face
3,MS4/data/faces/face_1202.jpg,face
4,MS4/data/faces/face_1802.jpg,face
5,MS4/data/faces/face_885.jpg,face
6,MS4/data/faces/face_1289.jpg,face
7,MS4/data/faces/face_2302.jpg,face
8,MS4/data/faces/face_1526.jpg,face
9,MS4/data/faces/face_525.jpg,face
10,MS4/data/faces/face_1716.jpg,face
11,MS4/data/faces/face_224.jpg,face
12,MS4/data/faces/face_1981.jpg,face
13,MS4/data/faces/face_590.jpg,face
14,MS4/data/faces/face_260.jpg,face
15,MS4/data/faces/face_2446.jpg,face
16,MS4/data/faces/face_1844.jpg,face
17,MS4/data/faces/face_1104.jpg,face
18,MS4/data/faces/face_1284.jpg,face
19,MS4/data/faces/face_497.jpg,face
20,MS4/data/faces/face_2455.jpg,face
21,MS4/data/faces/face_964.jpg,face
22,MS4/data/faces/face_1154.jpg,face
23,MS4/data/faces/face_2353.jpg,face
24,MS4/data/faces/face_1565.jpg,face
25,MS4/data/faces/face_819.jpg,face
26,MS4/data/faces/face_1001.jpg,face
27,MS4/data/faces/face_565.jpg,face
28,MS4/data/faces/face_993.jpg,face
29,MS4/data/faces/face_2073.jpg,face
30,MS4/data/faces/face_1861.jpg,face
31,MS4/data/faces/face_295.jpg,face
32,MS4/data/faces/face_923.jpg,face
33,MS4/data/faces/face_2005.jpg,face
34,MS4/data/faces/face_2108.jpg,face
35,MS4/data/faces/face_2118.jpg,face
36,MS4/data/faces/face_1030.jpg,face
37,MS4/data/faces/face_1459.jpg,face
38,MS4/data/faces/face_2447.jpg,face
39,MS4/data/faces/face_2131.jpg,face
40,MS4/data/faces/face_608.jpg,face
41,MS4/data/faces/face_584.jpg,face
42,MS4/data/faces/face_313.jpg,face
43,MS4/data/faces/face_1422.jpg,face
44,MS4/data/faces/face_2236.jpg,face
45,MS4/data/faces/face_242.jpg,face
46,MS4/data/faces/face_930.jpg,face
47,MS4/data/faces/face_2324.jpg,face
48,MS4/data/faces/face_1447.jpg,face
49,MS4/data/faces/face_394.jpg,face
50,MS4/data/faces/face_2146.jpg,face
51,MS4/data/faces/face_1603.jpg,face
52,MS4/data/faces/face_1984.jpg,face
53,MS4/data/faces/face_708.jpg,face
54,MS4/data/faces/face_106.jpg,face
55,MS4/data/faces/face_2083.jpg,face
56,MS4/data/faces/face_433.jpg,face
57,MS4/data/faces/face_1598.jpg,face
58,MS4/data/faces/face_267.jpg,face
59,MS4/data/faces/face_1951.jpg,face
60,MS4/data/faces/face_1340.jpg,face
61,MS4/data/faces/face_1115.jpg,face
62,MS4/data/faces/face_1569.jpg,face
63,MS4/data/faces/face_1881.jpg,face
64,MS4/data/faces/face_635.jpg,face
65,MS4/data/faces/face_1732.jpg,face
66,MS4/data/faces/face_1681.jpg,face
67,MS4/data/faces/face_1773.jpg,face
68,MS4/data/faces/face_1841.jpg,face
69,MS4/data/faces/face_183.jpg,face
70,MS4/data/faces/face_2405.jpg,face
71,MS4/data/faces/face_1974.jpg,face
72,MS4/data/faces/face_1573.jpg,face
73,MS4/data/faces/face_448.jpg,face
74,MS4/data/faces/face_2519.jpg,face
75,MS4/data/faces/face_2247.jpg,face
76,MS4/data/faces/face_897.jpg,face
77,MS4/data/faces/face_2251.jpg,face
78,MS4/data/faces/face_828.jpg,face
79,MS4/data/faces/face_2030.jpg,face
80,MS4/data/faces/face_1088.jpg,face
81,MS4/data/faces/face_2411.jpg,face
82,MS4/data/faces/face_2103.jpg,face
83,MS4/data/faces/face_1666.jpg,face
84,MS4/data/faces/face_1916.jpg,face
85,MS4/data/faces/face_1456.jpg,face
86,MS4/data/faces/face_1278.jpg,face
87,MS4/data/faces/face_666.jpg,face
88,MS4/data/faces/face_1382.jpg,face
89,MS4/data/faces/face_1004.jpg,face
90,MS4/data/faces/face_2462.jpg,face
91,MS4/data/faces/face_12.jpg,face
92,MS4/data/faces/face_2551.jpg,face
93,MS4/data/faces/face_881.jpg,face
94,MS4/data/faces/face_2557.jpg,face
95,MS4/data/faces/face_2087.jpg,face
96,MS4/data/faces/face_127.jpg,face
97,MS4/data/faces/face_694.jpg,face
98,MS4/data/faces/face_2119.jpg,face
99,MS4/data/faces/face_740.jpg,face
100,MS4/data/faces/face_1521.jpg,face
101,MS4/data/faces/face_1632.jpg,face
102,MS4/data/faces/face_161.jpg,face
103,MS4/data/faces/face_752.jpg,face
104,MS4/data/faces/face_1454.jpg,face
105,MS4/data/faces/face_257.jpg,face
106,MS4/data/faces/face_1060.jpg,face
107,MS4/data/faces/face_1930.jpg,face
108,MS4/data/faces/face_2401.jpg,face
109,MS4/data/faces/face_57.jpg,face
110,MS4/data/faces/face_641.jpg,face
111,MS4/data/faces/face_1029.jpg,face
112,MS4/data/faces/face_2439.jpg,face
113,MS4/data/faces/face_2254.jpg,face
114,MS4/data/faces/face_2450.jpg,face
115,MS4/data/faces/face_614.jpg,face
116,MS4/data/faces/face_711.jpg,face
117,MS4/data/faces/face_361.jpg,face
118,MS4/data/faces/face_1102.jpg,face
119,MS4/data/faces/face_2004.jpg,face
120,MS4/data/faces/face_1926.jpg,face
121,MS4/data/faces/face_725.jpg,face
122,MS4/data/faces/face_798.jpg,face
123,MS4/data/faces/face_1223.jpg,face
124,MS4/data/faces/face_1806.jpg,face
125,MS4/data/faces/face_131.jpg,face
126,MS4/data/faces/face_2384.jpg,face
127,MS4/data/faces/face_551.jpg,face
128,MS4/data/faces/face_2330.jpg,face
129,MS4/data/faces/face_2023.jpg,face
130,MS4/data/faces/face_744.jpg,face
131,MS4/data/faces/face_929.jpg,face
132,MS4/data/faces/face_2132.jpg,face
133,MS4/data/faces/face_625.jpg,face
134,MS4/data/faces/face_2414.jpg,face
135,MS4/data/faces/face_2532.jpg,face
136,MS4/data/faces/face_692.jpg,face
137,MS4/data/faces/face_849.jpg,face
138,MS4/data/faces/face_1921.jpg,face
139,MS4/data/faces/face_2517.jpg,face
140,MS4/data/faces/face_1938.jpg,face
141,MS4/data/faces/face_2263.jpg,face
142,MS4/data/faces/face_421.jpg,face
143,MS4/data/faces/face_632.jpg,face
144,MS4/data/faces/face_1061.jpg,face
145,MS4/data/faces/face_103.jpg,face
146,MS4/data/faces/face_1527.jpg,face
147,MS4/data/faces/face_441.jpg,face
148,MS4/data/faces/face_889.jpg,face
149,MS4/data/faces/face_1050.jpg,face
150,MS4/data/faces/face_1588.jpg,face
151,MS4/data/faces/face_928.jpg,face
152,MS4/data/faces/face_1549.jpg,face
153,MS4/data/faces/face_1805.jpg,face
154,MS4/data/faces/face_1536.jpg,face
155,MS4/data/faces/face_1628.jpg,face
156,MS4/data/faces/face_2230.jpg,face
157,MS4/data/faces/face_1149.jpg,face
158,MS4/data/faces/face_1466.jpg,face
159,MS4/data/faces/face_2434.jpg,face
160,MS4/data/faces/face_1075.jpg,face
161,MS4/data/faces/face_1400.jpg,face
162,MS4/data/faces/face_1181.jpg,face
163,MS4/data/faces/face_2470.jpg,face
164,MS4/data/faces/face_831.jpg,face
165,MS4/data/faces/face_1675.jpg,face
166,MS4/data/faces/face_1746.jpg,face
167,MS4/data/faces/face_2435.jpg,face
168,MS4/data/faces/face_1783.jpg,face
169,MS4/data/faces/face_919.jpg,face
170,MS4/data/faces/face_1449.jpg,face
171,MS4/data/faces/face_34.jpg,face
172,MS4/data/faces/face_1252.jpg,face
173,MS4/data/faces/face_1414.jpg,face
174,MS4/data/faces/face_1384.jpg,face
175,MS4/data/faces/face_549.jpg,face
176,MS4/data/faces/face_463.jpg,face
177,MS4/data/faces/face_1431.jpg,face
178,MS4/data/faces/face_1427.jpg,face
179,MS4/data/faces/face_1590.jpg,face
180,MS4/data/faces/face_1740.jpg,face
181,MS4/data/faces/face_1071.jpg,face
182,MS4/data/faces/face_2541.jpg,face
183,MS4/data/faces/face_1362.jpg,face
184,MS4/data/faces/face_340.jpg,face
185,MS4/data/faces/face_211.jpg,face
186,MS4/data/faces/face_347.jpg,face
187,MS4/data/faces/face_2237.jpg,face
188,MS4/data/faces/face_2122.jpg,face
189,MS4/data/faces/face_1035.jpg,face
190,MS4/data/faces/face_1177.jpg,face
191,MS4/data/faces/face_2099.jpg,face
192,MS4/data/faces/face_2369.jpg,face
193,MS4/data/faces/face_1292.jpg,face
194,MS4/data/faces/face_2243.jpg,face
195,MS4/data/faces/face_1286.jpg,face
196,MS4/data/faces/face_1972.jpg,face
197,MS4/data/faces/face_1682.jpg,face
198,MS4/data/faces/face_1928.jpg,face
199,MS4/data/faces/face_1087.jpg,face
200,MS4/data/faces/face_229.jpg,face
201,MS4/data/faces/face_1500.jpg,face
202,MS4/data/faces/face_442.jpg,face
203,MS4/data/faces/face_664.jpg,face
204,MS4/data/faces/face_1020.jpg,face
205,MS4/data/faces/face_1199.jpg,face
206,MS4/data/faces/face_384.jpg,face
207,MS4/data/faces/face_1905.jpg,face
208,MS4/data/faces/face_1606.jpg,face
209,MS4/data/faces/face_1467.jpg,face
210,MS4/data/faces/face_1502.jpg,face
211,MS4/data/faces/face_1956.jpg,face
212,MS4/data/faces/face_250.jpg,face
213,MS4/data/faces/face_2490.jpg,face
214,MS4/data/faces/face_1977.jpg,face
215,MS4/data/faces/face_2383.jpg,face
216,MS4/data/faces/face_1920.jpg,face
217,MS4/data/faces/face_2371.jpg,face
218,MS4/data/faces/face_2538.jpg,face
219,MS4/data/faces/face_1753.jpg,face
220,MS4/data/faces/face_730.jpg,face
221,MS4/data/faces/face_1031.jpg,face
222,MS4/data/faces/face_576.jpg,face
223,MS4/data/faces/face_2345.jpg,face
224,MS4/data/faces/face_369.jpg,face
225,MS4/data/faces/face_1415.jpg,face
226,MS4/data/faces/face_968.jpg,face
227,MS4/data/faces/face_163.jpg,face
228,MS4/data/faces/face_1183.jpg,face
229,MS4/data/faces/face_1426.jpg,face
230,MS4/data/faces/face_1580.jpg,face
231,MS4/data/faces/face_655.jpg,face
232,MS4/data/faces/face_1359.jpg,face
233,MS4/data/faces/face_2014.jpg,face
234,MS4/data/faces/face_1148.jpg,face
235,MS4/data/faces/face_1614.jpg,face
236,MS4/data/faces/face_2066.jpg,face
237,MS4/data/faces/face_1653.jpg,face
238,MS4/data/faces/face_2221.jpg,face
239,MS4/data/faces/face_1283.jpg,face
240,MS4/data/faces/face_1081.jpg,face
241,MS4/data/faces/face_1002.jpg,face
242,MS4/data/faces/face_848.jpg,face
243,MS4/data/faces/face_950.jpg,face
244,MS4/data/faces/face_695.jpg,face
245,MS4/data/faces/face_1866.jpg,face
246,MS4/data/faces/face_329.jpg,face
247,MS4/data/faces/face_699.jpg,face
248,MS4/data/faces/face_1161.jpg,face
249,MS4/data/faces/face_2036.jpg,face
250,MS4/data/faces/face_1686.jpg,face
251,MS4/data/faces/face_132.jpg,face
252,MS4/data/faces/face_2053.jpg,face
253,MS4/data/faces/face_393.jpg,face
254,MS4/data/faces/face_1857.jpg,face
255,MS4/data/faces/face_1307.jpg,face
256,MS4/data/faces/face_1200.jpg,face
257,MS4/data/faces/face_573.jpg,face
258,MS4/data/faces/face_23.jpg,face
259,MS4/data/faces/face_1040.jpg,face
260,MS4/data/faces/face_773.jpg,face
261,MS4/data/faces/face_137.jpg,face
262,MS4/data/faces/face_795.jpg,face
263,MS4/data/faces/face_2294.jpg,face
264,MS4/data/faces/face_2231.jpg,face
265,MS4/data/faces/face_1617.jpg,face
266,MS4/data/faces/face_1856.jpg,face
267,MS4/data/faces/face_1697.jpg,face
268,MS4/data/faces/face_1295.jpg,face
269,MS4/data/faces/face_1131.jpg,face
270,MS4/data/faces/face_1123.jpg,face
271,MS4/data/faces/face_1041.jpg,face
272,MS4/data/faces/face_1644.jpg,face
273,MS4/data/faces/face_1867.jpg,face
274,MS4/data/faces/face_1811.jpg,face
275,MS4/data/faces/face_1389.jpg,face
276,MS4/data/faces/face_1594.jpg,face
277,MS4/data/faces/face_902.jpg,face
278,MS4/data/faces/face_1319.jpg,face
279,MS4/data/faces/face_2047.jpg,face
280,MS4/data/faces/face_790.jpg,face
281,MS4/data/faces/face_2015.jpg,face
282,MS4/data/faces/face_2067.jpg,face
283,MS4/data/faces/face_1494.jpg,face
284,MS4/data/faces/face_947.jpg,face
285,MS4/data/faces/face_642.jpg,face
286,MS4/data/faces/face_627.jpg,face
287,MS4/data/faces/face_1317.jpg,face
288,MS4/data/faces/face_75.jpg,face
289,MS4/data/faces/face_1238.jpg,face
290,MS4/data/faces/face_2183.jpg,face
291,MS4/data/faces/face_693.jpg,face
292,MS4/data/faces/face_327.jpg,face
293,MS4/data/faces/face_833.jpg,face
294,MS4/data/faces/face_2509.jpg,face
295,MS4/data/faces/face_364.jpg,face
296,MS4/data/faces/face_1946.jpg,face
297,MS4/data/faces/face_412.jpg,face
298,MS4/data/faces/face_446.jpg,face
299,MS4/data/faces/face_1523.jpg,face
300,MS4/data/faces/face_1230.jpg,face
301,MS4/data/faces/face_536.jpg,face
302,MS4/data/faces/face_1648.jpg,face
303,MS4/data/faces/face_1083.jpg,face
304,MS4/data/faces/face_2104.jpg,face
305,MS4/data/faces/face_1775.jpg,face
306,MS4/data/faces/face_1021.jpg,face
307,MS4/data/faces/face_413.jpg,face
308,MS4/data/faces/face_1469.jpg,face
309,MS4/data/faces/face_1939.jpg,face
310,MS4/data/faces/face_1599.jpg,face
311,MS4/data/faces/face_595.jpg,face
312,MS4/data/faces/face_965.jpg,face
313,MS4/data/faces/face_1879.jpg,face
314,MS4/data/faces/face_1607.jpg,face
315,MS4/data/faces/face_839.jpg,face
316,MS4/data/faces/face_1349.jpg,face
317,MS4/data/faces/face_939.jpg,face
318,MS4/data/faces/face_129.jpg,face
319,MS4/data/faces/face_2264.jpg,face
320,MS4/data/faces/face_803.jpg,face
321,MS4/data/faces/face_736.jpg,face
322,MS4/data/faces/face_2457.jpg,face
323,MS4/data/faces/face_2553.jpg,face
324,MS4/data/faces/face_1672.jpg,face
325,MS4/data/faces/face_2177.jpg,face
326,MS4/data/faces/face_2373.jpg,face
327,MS4/data/faces/face_1142.jpg,face
328,MS4/data/faces/face_678.jpg,face
329,MS4/data/faces/face_2286.jpg,face
330,MS4/data/faces/face_2355.jpg,face
331,MS4/data/faces/face_2149.jpg,face
332,MS4/data/faces/face_622.jpg,face
333,MS4/data/faces/face_2181.jpg,face
334,MS4/data/faces/face_2072.jpg,face
335,MS4/data/faces/face_320.jpg,face
336,MS4/data/faces/face_1092.jpg,face
337,MS4/data/faces/face_1251.jpg,face
338,MS4/data/faces/face_2300.jpg,face
339,MS4/data/faces/face_1116.jpg,face
340,MS4/data/faces/face_2301.jpg,face
341,MS4/data/faces/face_1377.jpg,face
342,MS4/data/faces/face_1649.jpg,face
343,MS4/data/faces/face_1420.jpg,face
344,MS4/data/faces/face_1909.jpg,face
345,MS4/data/faces/face_1727.jpg,face
346,MS4/data/faces/face_2048.jpg,face
347,MS4/data/faces/face_2117.jpg,face
348,MS4/data/faces/face_2105.jpg,face
349,MS4/data/faces/face_1012.jpg,face
350,MS4/data/faces/face_799.jpg,face
351,MS4/data/faces/face_2546.jpg,face
352,MS4/data/faces/face_231.jpg,face
353,MS4/data/faces/face_2317.jpg,face
354,MS4/data/faces/face_2292.jpg,face
355,MS4/data/faces/face_1342.jpg,face
356,MS4/data/faces/face_514.jpg,face
357,MS4/data/faces/face_907.jpg,face
358,MS4/data/faces/face_9.jpg,face
359,MS4/data/faces/face_1820.jpg,face
360,MS4/data/faces/face_1925.jpg,face
361,MS4/data/faces/face_1674.jpg,face
362,MS4/data/faces/face_2527.jpg,face
363,MS4/data/faces/face_582.jpg,face
364,MS4/data/faces/face_1832.jpg,face
365,MS4/data/faces/face_1827.jpg,face
366,MS4/data/faces/face_1764.jpg,face
367,MS4/data/faces/face_492.jpg,face
368,MS4/data/faces/face_1402.jpg,face
369,MS4/data/faces/face_1470.jpg,face
370,MS4/data/faces/face_2065.jpg,face
371,MS4/data/faces/face_1045.jpg,face
372,MS4/data/faces/face_149.jpg,face
373,MS4/data/faces/face_2152.jpg,face
374,MS4/data/faces/face_2229.jpg,face
375,MS4/data/faces/face_653.jpg,face
376,MS4/data/faces/face_1506.jpg,face
377,MS4/data/faces/face_1189.jpg,face
378,MS4/data/faces/face_629.jpg,face
379,MS4/data/faces/face_344.jpg,face
380,MS4/data/faces/face_77.jpg,face
381,MS4/data/faces/face_246.jpg,face
382,MS4/data/faces/face_2313.jpg,face
383,MS4/data/faces/face_2249.jpg,face
384,MS4/data/faces/face_2307.jpg,face
385,MS4/data/faces/face_315.jpg,face
386,MS4/data/faces/face_1439.jpg,face
387,MS4/data/faces/face_2208.jpg,face
388,MS4/data/faces/face_1788.jpg,face
389,MS4/data/faces/face_238.jpg,face
390,MS4/data/faces/face_1711.jpg,face
391,MS4/data/faces/face_2078.jpg,face
392,MS4/data/faces/face_1074.jpg,face
393,MS4/data/faces/face_1043.jpg,face
394,MS4/data/faces/face_1068.jpg,face
395,MS4/data/faces/face_1098.jpg,face
396,MS4/data/faces/face_1044.jpg,face
397,MS4/data/faces/face_518.jpg,face
398,MS4/data/faces/face_617.jpg,face
399,MS4/data/faces/face_1618.jpg,face
400,MS4/data/faces/face_1039.jpg,face
401,MS4/data/faces/face_477.jpg,face
402,MS4/data/faces/face_2085.jpg,face
403,MS4/data/faces/face_1341.jpg,face
404,MS4/data/faces/face_1130.jpg,face
405,MS4/data/faces/face_1989.jpg,face
406,MS4/data/faces/face_1749.jpg,face
407,MS4/data/faces/face_2516.jpg,face
408,MS4/data/faces/face_2061.jpg,face
409,MS4/data/faces/face_1308.jpg,face
410,MS4/data/faces/face_411.jpg,face
411,MS4/data/faces/face_1327.jpg,face
412,MS4/data/faces/face_762.jpg,face
413,MS4/data/faces/face_763.jpg,face
414,MS4/data/faces/face_142.jpg,face
415,MS4/data/faces/face_2008.jpg,face
416,MS4/data/faces/face_545.jpg,face
417,MS4/data/faces/face_1249.jpg,face
418,MS4/data/faces/face_1385.jpg,face
419,MS4/data/faces/face_1714.jpg,face
420,MS4/data/faces/face_2246.jpg,face
421,MS4/data/faces/face_215.jpg,face
422,MS4/data/faces/face_52.jpg,face
423,MS4/data/faces/face_2112.jpg,face
424,MS4/data/faces/face_636.jpg,face
425,MS4/data/faces/face_1488.jpg,face
426,MS4/data/faces/face_2032.jpg,face
427,MS4/data/faces/face_1774.jpg,face
428,MS4/data/faces/face_154.jpg,face
429,MS4/data/faces/face_425.jpg,face
430,MS4/data/faces/face_1888.jpg,face
431,MS4/data/faces/face_270.jpg,face
432,MS4/data/faces/face_388.jpg,face
433,MS4/data/faces/face_2116.jpg,face
434,MS4/data/faces/face_1077.jpg,face
435,MS4/data/faces/face_1444.jpg,face
436,MS4/data/faces/face_1372.jpg,face
437,MS4/data/faces/face_1132.jpg,face
438,MS4/data/faces/face_2206.jpg,face
439,MS4/data/faces/face_189.jpg,face
440,MS4/data/faces/face_2281.jpg,face
441,MS4/data/faces/face_2424.jpg,face
442,MS4/data/faces/face_2349.jpg,face
443,MS4/data/faces/face_2453.jpg,face
444,MS4/data/faces/face_1038.jpg,face
445,MS4/data/faces/face_2458.jpg,face
446,MS4/data/faces/face_1957.jpg,face
447,MS4/data/faces/face_1931.jpg,face
448,MS4/data/faces/face_1627.jpg,face
449,MS4/data/faces/face_157.jpg,face
450,MS4/data/faces/face_1321.jpg,face
451,MS4/data/faces/face_754.jpg,face
452,MS4/data/faces/face_2351.jpg,face
453,MS4/data/faces/face_2466.jpg,face
454,MS4/data/faces/face_1226.jpg,face
455,MS4/data/faces/face_27.jpg,face
456,MS4/data/faces/face_2031.jpg,face
457,MS4/data/faces/face_2174.jpg,face
458,MS4/data/faces/face_283.jpg,face
459,MS4/data/faces/face_110.jpg,face
460,MS4/data/faces/face_1680.jpg,face
461,MS4/data/faces/face_1799.jpg,face
462,MS4/data/faces/face_1776.jpg,face
463,MS4/data/faces/face_359.jpg,face
464,MS4/data/faces/face_2559.jpg,face
465,MS4/data/faces/face_158.jpg,face
466,MS4/data/faces/face_464.jpg,face
467,MS4/data/faces/face_1371.jpg,face
468,MS4/data/faces/face_1914.jpg,face
469,MS4/data/faces/face_508.jpg,face
470,MS4/data/faces/face_861.jpg,face
471,MS4/data/faces/face_354.jpg,face
472,MS4/data/faces/face_298.jpg,face
473,MS4/data/faces/face_2501.jpg,face
474,MS4/data/faces/face_540.jpg,face
475,MS4/data/faces/face_2207.jpg,face
476,MS4/data/faces/face_10.jpg,face
477,MS4/data/faces/face_2134.jpg,face
478,MS4/data/faces/face_2356.jpg,face
479,MS4/data/faces/face_2268.jpg,face
480,MS4/data/faces/face_1460.jpg,face
481,MS4/data/faces/face_1406.jpg,face
482,MS4/data/faces/face_7.jpg,face
483,MS4/data/faces/face_362.jpg,face
484,MS4/data/faces/face_860.jpg,face
485,MS4/data/faces/face_2480.jpg,face
486,MS4/data/faces/face_1125.jpg,face
487,MS4/data/faces/face_2101.jpg,face
488,MS4/data/faces/face_50.jpg,face
489,MS4/data/faces/face_302.jpg,face
490,MS4/data/faces/face_710.jpg,face
491,MS4/data/faces/face_581.jpg,face
492,MS4/data/faces/face_2491.jpg,face
493,MS4/data/faces/face_2185.jpg,face
494,MS4/data/faces/face_957.jpg,face
495,MS4/data/faces/face_1192.jpg,face
496,MS4/data/faces/face_245.jpg,face
497,MS4/data/faces/face_648.jpg,face
498,MS4/data/faces/face_2364.jpg,face
499,MS4/data/faces/face_420.jpg,face
500,MS4/data/faces/face_202.jpg,face
501,MS4/data/faces/face_2360.jpg,face
502,MS4/data/faces/face_1453.jpg,face
503,MS4/data/faces/face_1121.jpg,face
504,MS4/data/faces/face_1291.jpg,face
505,MS4/data/faces/face_2354.jpg,face
506,MS4/data/faces/face_214.jpg,face
507,MS4/data/faces/face_2319.jpg,face
508,MS4/data/faces/face_54.jpg,face
509,MS4/data/faces/face_1735.jpg,face
510,MS4/data/faces/face_2370.jpg,face
511,MS4/data/faces/face_1353.jpg,face
512,MS4/data/faces/face_1354.jpg,face
513,MS4/data/faces/face_1231.jpg,face
514,MS4/data/faces/face_124.jpg,face
515,MS4/data/faces/face_2406.jpg,face
516,MS4/data/faces/face_1600.jpg,face
517,MS4/data/faces/face_81.jpg,face
518,MS4/data/faces/face_73.jpg,face
519,MS4/data/faces/face_1073.jpg,face
520,MS4/data/faces/face_2033.jpg,face
521,MS4/data/faces/face_892.jpg,face
522,MS4/data/faces/face_519.jpg,face
523,MS4/data/faces/face_351.jpg,face
524,MS4/data/faces/face_1279.jpg,face
525,MS4/data/faces/face_1301.jpg,face
526,MS4/data/faces/face_93.jpg,face
527,MS4/data/faces/face_2044.jpg,face
528,MS4/data/faces/face_2215.jpg,face
529,MS4/data/faces/face_952.jpg,face
530,MS4/data/faces/face_1027.jpg,face
531,MS4/data/faces/face_638.jpg,face
532,MS4/data/faces/face_1933.jpg,face
533,MS4/data/faces/face_1784.jpg,face
534,MS4/data/faces/face_612.jpg,face
535,MS4/data/faces/face_1356.jpg,face
536,MS4/data/faces/face_368.jpg,face
537,MS4/data/faces/face_2037.jpg,face
538,MS4/data/faces/face_605.jpg,face
539,MS4/data/faces/face_721.jpg,face
540,MS4/data/faces/face_1705.jpg,face
541,MS4/data/faces/face_1080.jpg,face
542,MS4/data/faces/face_865.jpg,face
543,MS4/data/faces/face_358.jpg,face
544,MS4/data/faces/face_2062.jpg,face
545,MS4/data/faces/face_1331.jpg,face
546,MS4/data/faces/face_544.jpg,face
547,MS4/data/faces/face_1769.jpg,face
548,MS4/data/faces/face_1158.jpg,face
549,MS4/data/faces/face_1082.jpg,face
550,MS4/data/faces/face_1193.jpg,face
551,MS4/data/faces/face_2336.jpg,face
552,MS4/data/faces/face_2337.jpg,face
553,MS4/data/faces/face_1216.jpg,face
554,MS4/data/faces/face_1160.jpg,face
555,MS4/data/faces/face_2423.jpg,face
556,MS4/data/faces/face_1016.jpg,face
557,MS4/data/faces/face_869.jpg,face
558,MS4/data/faces/face_475.jpg,face
559,MS4/data/faces/face_1647.jpg,face
560,MS4/data/faces/face_2145.jpg,face
561,MS4/data/faces/face_936.jpg,face
562,MS4/data/faces/face_462.jpg,face
563,MS4/data/faces/face_1900.jpg,face
564,MS4/data/faces/face_2413.jpg,face
565,MS4/data/faces/face_765.jpg,face
566,MS4/data/faces/face_783.jpg,face
567,MS4/data/faces/face_2138.jpg,face
568,MS4/data/faces/face_738.jpg,face
569,MS4/data/faces/face_291.jpg,face
570,MS4/data/faces/face_1376.jpg,face
571,MS4/data/faces/face_439.jpg,face
572,MS4/data/faces/face_1303.jpg,face
573,MS4/data/faces/face_1388.jpg,face
574,MS4/data/faces/face_1554.jpg,face
575,MS4/data/faces/face_1204.jpg,face
576,MS4/data/faces/face_615.jpg,face
577,MS4/data/faces/face_2175.jpg,face
578,MS4/data/faces/face_440.jpg,face
579,MS4/data/faces/face_621.jpg,face
580,MS4/data/faces/face_674.jpg,face
581,MS4/data/faces/face_2261.jpg,face
582,MS4/data/faces/face_969.jpg,face
583,MS4/data/faces/face_1843.jpg,face
584,MS4/data/faces/face_22.jpg,face
585,MS4/data/faces/face_1540.jpg,face
586,MS4/data/faces/face_193.jpg,face
587,MS4/data/faces/face_2520.jpg,face
588,MS4/data/faces/face_700.jpg,face
589,MS4/data/faces/face_1094.jpg,face
590,MS4/data/faces/face_1576.jpg,face
591,MS4/data/faces/face_1833.jpg,face
592,MS4/data/faces/face_1663.jpg,face
593,MS4/data/faces/face_585.jpg,face
594,MS4/data/faces/face_686.jpg,face
595,MS4/data/faces/face_842.jpg,face
596,MS4/data/faces/face_896.jpg,face
597,MS4/data/faces/face_401.jpg,face
598,MS4/data/faces/face_1078.jpg,face
599,MS4/data/faces/face_1708.jpg,face
600,MS4/data/faces/face_2398.jpg,face
601,MS4/data/faces/face_776.jpg,face
602,MS4/data/faces/face_1706.jpg,face
603,MS4/data/faces/face_2064.jpg,face
604,MS4/data/faces/face_248.jpg,face
605,MS4/data/faces/face_1152.jpg,face
606,MS4/data/faces/face_977.jpg,face
607,MS4/data/faces/face_854.jpg,face
608,MS4/data/faces/face_1483.jpg,face
609,MS4/data/faces/face_1947.jpg,face
610,MS4/data/faces/face_696.jpg,face
611,MS4/data/faces/face_352.jpg,face
612,MS4/data/faces/face_1369.jpg,face
613,MS4/data/faces/face_37.jpg,face
614,MS4/data/faces/face_1772.jpg,face
615,MS4/data/faces/face_1101.jpg,face
616,MS4/data/faces/face_1766.jpg,face
617,MS4/data/faces/face_2478.jpg,face
618,MS4/data/faces/face_1944.jpg,face
619,MS4/data/faces/face_290.jpg,face
620,MS4/data/faces/face_1208.jpg,face
621,MS4/data/faces/face_541.jpg,face
622,MS4/data/faces/face_2255.jpg,face
623,MS4/data/faces/face_1379.jpg,face
624,MS4/data/faces/face_851.jpg,face
625,MS4/data/faces/face_1709.jpg,face
626,MS4/data/faces/face_186.jpg,face
627,MS4/data/faces/face_1943.jpg,face
628,MS4/data/faces/face_2165.jpg,face
629,MS4/data/faces/face_2214.jpg,face
630,MS4/data/faces/face_946.jpg,face
631,MS4/data/faces/face_1593.jpg,face
632,MS4/data/faces/face_338.jpg,face
633,MS4/data/faces/face_1616.jpg,face
634,MS4/data/faces/face_1669.jpg,face
635,MS4/data/faces/face_1445.jpg,face
636,MS4/data/faces/face_1486.jpg,face
637,MS4/data/faces/face_1887.jpg,face
638,MS4/data/faces/face_1581.jpg,face
639,MS4/data/faces/face_1126.jpg,face
640,MS4/data/faces/face_471.jpg,face
641,MS4/data/faces/face_128.jpg,face
642,MS4/data/faces/face_1696.jpg,face
643,MS4/data/faces/face_2124.jpg,face
644,MS4/data/faces/face_1807.jpg,face
645,MS4/data/faces/face_980.jpg,face
646,MS4/data/faces/face_1401.jpg,face
647,MS4/data/faces/face_307.jpg,face
648,MS4/data/faces/face_1830.jpg,face
649,MS4/data/faces/face_101.jpg,face
650,MS4/data/faces/face_1209.jpg,face
651,MS4/data/faces/face_395.jpg,face
652,MS4/data/faces/face_1952.jpg,face
653,MS4/data/faces/face_958.jpg,face
654,MS4/data/faces/face_2245.jpg,face
655,MS4/data/faces/face_808.jpg,face
656,MS4/data/faces/face_883.jpg,face
657,MS4/data/faces/face_1659.jpg,face
658,MS4/data/faces/face_1793.jpg,face
659,MS4/data/faces/face_852.jpg,face
660,MS4/data/faces/face_841.jpg,face
661,MS4/data/faces/face_1206.jpg,face
662,MS4/data/faces/face_2391.jpg,face
663,MS4/data/faces/face_484.jpg,face
664,MS4/data/faces/face_1585.jpg,face
665,MS4/data/faces/face_2093.jpg,face
666,MS4/data/faces/face_1678.jpg,face
667,MS4/data/faces/face_2378.jpg,face
668,MS4/data/faces/face_1791.jpg,face
669,MS4/data/faces/face_97.jpg,face
670,MS4/data/faces/face_1210.jpg,face
671,MS4/data/faces/face_1922.jpg,face
672,MS4/data/faces/face_437.jpg,face
673,MS4/data/faces/face_281.jpg,face
674,MS4/data/faces/face_868.jpg,face
675,MS4/data/faces/face_287.jpg,face
676,MS4/data/faces/face_2142.jpg,face
677,MS4/data/faces/face_1518.jpg,face
678,MS4/data/faces/face_479.jpg,face
679,MS4/data/faces/face_241.jpg,face
680,MS4/data/faces/face_1513.jpg,face
681,MS4/data/faces/face_538.jpg,face
682,MS4/data/faces/face_1898.jpg,face
683,MS4/data/faces/face_1063.jpg,face
684,MS4/data/faces/face_522.jpg,face
685,MS4/data/faces/face_252.jpg,face
686,MS4/data/faces/face_1113.jpg,face
687,MS4/data/faces/face_1282.jpg,face
688,MS4/data/faces/face_119.jpg,face
689,MS4/data/faces/face_429.jpg,face
690,MS4/data/faces/face_120.jpg,face
691,MS4/data/faces/face_1839.jpg,face
692,MS4/data/faces/face_2454.jpg,face
693,MS4/data/faces/face_2098.jpg,face
694,MS4/data/faces/face_30.jpg,face
695,MS4/data/faces/face_914.jpg,face
696,MS4/data/faces/face_134.jpg,face
697,MS4/data/faces/face_126.jpg,face
698,MS4/data/faces/face_234.jpg,face
699,MS4/data/faces/face_1792.jpg,face
700,MS4/data/faces/face_1560.jpg,face
701,MS4/data/faces/face_706.jpg,face
702,MS4/data/faces/face_373.jpg,face
703,MS4/data/faces/face_2293.jpg,face
704,MS4/data/faces/face_778.jpg,face
705,MS4/data/faces/face_802.jpg,face
706,MS4/data/faces/face_1127.jpg,face
707,MS4/data/faces/face_2168.jpg,face
708,MS4/data/faces/face_62.jpg,face
709,MS4/data/faces/face_2399.jpg,face
710,MS4/data/faces/face_1862.jpg,face
711,MS4/data/faces/face_630.jpg,face
712,MS4/data/faces/face_800.jpg,face
713,MS4/data/faces/face_875.jpg,face
714,MS4/data/faces/face_1997.jpg,face
715,MS4/data/faces/face_1339.jpg,face
716,MS4/data/faces/face_1171.jpg,face
717,MS4/data/faces/face_811.jpg,face
718,MS4/data/faces/face_2154.jpg,face
719,MS4/data/faces/face_69.jpg,face
720,MS4/data/faces/face_2157.jpg,face
721,MS4/data/faces/face_96.jpg,face
722,MS4/data/faces/face_397.jpg,face
723,MS4/data/faces/face_1758.jpg,face
724,MS4/data/faces/face_135.jpg,face
725,MS4/data/faces/face_920.jpg,face
726,MS4/data/faces/face_774.jpg,face
727,MS4/data/faces/face_336.jpg,face
728,MS4/data/faces/face_1448.jpg,face
729,MS4/data/faces/face_1987.jpg,face
730,MS4/data/faces/face_4.jpg,face
731,MS4/data/faces/face_934.jpg,face
732,MS4/data/faces/face_2310.jpg,face
733,MS4/data/faces/face_1646.jpg,face
734,MS4/data/faces/face_2325.jpg,face
735,MS4/data/faces/face_321.jpg,face
736,MS4/data/faces/face_376.jpg,face
737,MS4/data/faces/face_1003.jpg,face
738,MS4/data/faces/face_1722.jpg,face
739,MS4/data/faces/face_846.jpg,face
740,MS4/data/faces/face_679.jpg,face
741,MS4/data/faces/face_1184.jpg,face
742,MS4/data/faces/face_2303.jpg,face
743,MS4/data/faces/face_1055.jpg,face
744,MS4/data/faces/face_966.jpg,face
745,MS4/data/faces/face_140.jpg,face
746,MS4/data/faces/face_675.jpg,face
747,MS4/data/faces/face_1707.jpg,face
748,MS4/data/faces/face_2271.jpg,face
749,MS4/data/faces/face_824.jpg,face
750,MS4/data/faces/face_1698.jpg,face
751,MS4/data/faces/face_2121.jpg,face
752,MS4/data/faces/face_32.jpg,face
753,MS4/data/faces/face_1571.jpg,face
754,MS4/data/faces/face_623.jpg,face
755,MS4/data/faces/face_71.jpg,face
756,MS4/data/faces/face_1065.jpg,face
757,MS4/data/faces/face_793.jpg,face
758,MS4/data/faces/face_1662.jpg,face
759,MS4/data/faces/face_1752.jpg,face
760,MS4/data/faces/face_2188.jpg,face
761,MS4/data/faces/face_390.jpg,face
762,MS4/data/faces/face_533.jpg,face
763,MS4/data/faces/face_2202.jpg,face
764,MS4/data/faces/face_1008.jpg,face
765,MS4/data/faces/face_105.jpg,face
766,MS4/data/faces/face_1667.jpg,face
767,MS4/data/faces/face_1390.jpg,face
768,MS4/data/faces/face_2417.jpg,face
769,MS4/data/faces/face_223.jpg,face
770,MS4/data/faces/face_1144.jpg,face
771,MS4/data/faces/face_2270.jpg,face
772,MS4/data/faces/face_619.jpg,face
773,MS4/data/faces/face_1691.jpg,face
774,MS4/data/faces/face_859.jpg,face
775,MS4/data/faces/face_269.jpg,face
776,MS4/data/faces/face_1386.jpg,face
777,MS4/data/faces/face_122.jpg,face
778,MS4/data/faces/face_174.jpg,face
779,MS4/data/faces/face_1462.jpg,face
780,MS4/data/faces/face_406.jpg,face
781,MS4/data/faces/face_1621.jpg,face
782,MS4/data/faces/face_205.jpg,face
783,MS4/data/faces/face_180.jpg,face
784,MS4/data/faces/face_2259.jpg,face
785,MS4/data/faces/face_2403.jpg,face
786,MS4/data/faces/face_168.jpg,face
787,MS4/data/faces/face_901.jpg,face
788,MS4/data/faces/face_109.jpg,face
789,MS4/data/faces/face_2376.jpg,face
790,MS4/data/faces/face_115.jpg,face
791,MS4/data/faces/face_2217.jpg,face
792,MS4/data/faces/face_566.jpg,face
793,MS4/data/faces/face_742.jpg,face
794,MS4/data/faces/face_667.jpg,face
795,MS4/data/faces/face_2193.jpg,face
796,MS4/data/faces/face_2536.jpg,face
797,MS4/data/faces/face_1485.jpg,face
798,MS4/data/faces/face_83.jpg,face
799,MS4/data/faces/face_2388.jpg,face
800,MS4/data/faces/face_1093.jpg,face
801,MS4/data/faces/face_1842.jpg,face
802,MS4/data/faces/face_2253.jpg,face
803,MS4/data/faces/face_1174.jpg,face
804,MS4/data/faces/face_922.jpg,face
805,MS4/data/faces/face_2498.jpg,face
806,MS4/data/faces/face_1778.jpg,face
807,MS4/data/faces/face_65.jpg,face
808,MS4/data/faces/face_86.jpg,face
809,MS4/data/faces/face_2049.jpg,face
810,MS4/data/faces/face_1069.jpg,face
811,MS4/data/faces/face_481.jpg,face
812,MS4/data/faces/face_1586.jpg,face
813,MS4/data/faces/face_1557.jpg,face
814,MS4/data/faces/face_786.jpg,face
815,MS4/data/faces/face_2341.jpg,face
816,MS4/data/faces/face_669.jpg,face
817,MS4/data/faces/face_688.jpg,face
818,MS4/data/faces/face_424.jpg,face
819,MS4/data/faces/face_884.jpg,face
820,MS4/data/faces/face_1978.jpg,face
821,MS4/data/faces/face_399.jpg,face
822,MS4/data/faces/face_2497.jpg,face
823,MS4/data/faces/face_2560.jpg,face
824,MS4/data/faces/face_1464.jpg,face
825,MS4/data/faces/face_856.jpg,face
826,MS4/data/faces/face_2161.jpg,face
827,MS4/data/faces/face_26.jpg,face
828,MS4/data/faces/face_130.jpg,face
829,MS4/data/faces/face_1721.jpg,face
830,MS4/data/faces/face_1367.jpg,face
831,MS4/data/faces/face_1733.jpg,face
832,MS4/data/faces/face_2287.jpg,face
833,MS4/data/faces/face_1358.jpg,face
834,MS4/data/faces/face_806.jpg,face
835,MS4/data/faces/face_1236.jpg,face
836,MS4/data/faces/face_2039.jpg,face
837,MS4/data/faces/face_983.jpg,face
838,MS4/data/faces/face_1825.jpg,face
839,MS4/data/faces/face_704.jpg,face
840,MS4/data/faces/face_1312.jpg,face
841,MS4/data/faces/face_1797.jpg,face
842,MS4/data/faces/face_1198.jpg,face
843,MS4/data/faces/face_207.jpg,face
844,MS4/data/faces/face_1046.jpg,face
845,MS4/data/faces/face_555.jpg,face
846,MS4/data/faces/face_981.jpg,face
847,MS4/data/faces/face_2445.jpg,face
848,MS4/data/faces/face_547.jpg,face
849,MS4/data/faces/face_2400.jpg,face
850,MS4/data/faces/face_1036.jpg,face
851,MS4/data/faces/face_1172.jpg,face
852,MS4/data/faces/face_371.jpg,face
853,MS4/data/faces/face_2289.jpg,face
854,MS4/data/faces/face_1405.jpg,face
855,MS4/data/faces/face_1965.jpg,face
856,MS4/data/faces/face_1143.jpg,face
857,MS4/data/faces/face_2387.jpg,face
858,MS4/data/faces/face_1364.jpg,face
859,MS4/data/faces/face_1650.jpg,face
860,MS4/data/faces/face_495.jpg,face
861,MS4/data/faces/face_2009.jpg,face
862,MS4/data/faces/face_1107.jpg,face
863,MS4/data/faces/face_879.jpg,face
864,MS4/data/faces/face_557.jpg,face
865,MS4/data/faces/face_1399.jpg,face
866,MS4/data/faces/face_2260.jpg,face
867,MS4/data/faces/face_266.jpg,face
868,MS4/data/faces/face_155.jpg,face
869,MS4/data/faces/face_1165.jpg,face
870,MS4/data/faces/face_2420.jpg,face
871,MS4/data/faces/face_1034.jpg,face
872,MS4/data/faces/face_213.jpg,face
873,MS4/data/faces/face_2196.jpg,face
874,MS4/data/faces/face_855.jpg,face
875,MS4/data/faces/face_74.jpg,face
876,MS4/data/faces/face_1993.jpg,face
877,MS4/data/faces/face_1042.jpg,face
878,MS4/data/faces/face_659.jpg,face
879,MS4/data/faces/face_2342.jpg,face
880,MS4/data/faces/face_454.jpg,face
881,MS4/data/faces/face_2241.jpg,face
882,MS4/data/faces/face_701.jpg,face
883,MS4/data/faces/face_2109.jpg,face
884,MS4/data/faces/face_949.jpg,face
885,MS4/data/faces/face_2144.jpg,face
886,MS4/data/faces/face_2523.jpg,face
887,MS4/data/faces/face_1086.jpg,face
888,MS4/data/faces/face_78.jpg,face
889,MS4/data/faces/face_2506.jpg,face
890,MS4/data/faces/face_979.jpg,face
891,MS4/data/faces/face_668.jpg,face
892,MS4/data/faces/face_1022.jpg,face
893,MS4/data/faces/face_342.jpg,face
894,MS4/data/faces/face_1756.jpg,face
895,MS4/data/faces/face_1602.jpg,face
896,MS4/data/faces/face_1903.jpg,face
897,MS4/data/faces/face_203.jpg,face
898,MS4/data/faces/face_1135.jpg,face
899,MS4/data/faces/face_550.jpg,face
900,MS4/data/faces/face_1451.jpg,face
901,MS4/data/faces/face_593.jpg,face
902,MS4/data/faces/face_171.jpg,face
903,MS4/data/faces/face_1657.jpg,face
904,MS4/data/faces/face_2252.jpg,face
905,MS4/data/faces/face_1009.jpg,face
906,MS4/data/faces/face_691.jpg,face
907,MS4/data/faces/face_1633.jpg,face
908,MS4/data/faces/face_1294.jpg,face
909,MS4/data/faces/face_2151.jpg,face
910,MS4/data/faces/face_1194.jpg,face
911,MS4/data/faces/face_2284.jpg,face
912,MS4/data/faces/face_259.jpg,face
913,MS4/data/faces/face_1425.jpg,face
914,MS4/data/faces/face_2203.jpg,face
915,MS4/data/faces/face_1751.jpg,face
916,MS4/data/faces/face_2256.jpg,face
917,MS4/data/faces/face_784.jpg,face
918,MS4/data/faces/face_2451.jpg,face
919,MS4/data/faces/face_1381.jpg,face
920,MS4/data/faces/face_2272.jpg,face
921,MS4/data/faces/face_1108.jpg,face
922,MS4/data/faces/face_1801.jpg,face
923,MS4/data/faces/face_1433.jpg,face
924,MS4/data/faces/face_938.jpg,face
925,MS4/data/faces/face_2444.jpg,face
926,MS4/data/faces/face_1084.jpg,face
927,MS4/data/faces/face_1661.jpg,face
928,MS4/data/faces/face_1277.jpg,face
929,MS4/data/faces/face_284.jpg,face
930,MS4/data/faces/face_2003.jpg,face
931,MS4/data/faces/face_743.jpg,face
932,MS4/data/faces/face_1224.jpg,face
933,MS4/data/faces/face_1967.jpg,face
934,MS4/data/faces/face_684.jpg,face
935,MS4/data/faces/face_1355.jpg,face
936,MS4/data/faces/face_2359.jpg,face
937,MS4/data/faces/face_1612.jpg,face
938,MS4/data/faces/face_1229.jpg,face
939,MS4/data/faces/face_486.jpg,face
940,MS4/data/faces/face_2100.jpg,face
941,MS4/data/faces/face_1579.jpg,face
942,MS4/data/faces/face_2438.jpg,face
943,MS4/data/faces/face_2548.jpg,face
944,MS4/data/faces/face_1834.jpg,face
945,MS4/data/faces/face_2492.jpg,face
946,MS4/data/faces/face_455.jpg,face
947,MS4/data/faces/face_1479.jpg,face
948,MS4/data/faces/face_1528.jpg,face
949,MS4/data/faces/face_560.jpg,face
950,MS4/data/faces/face_145.jpg,face
951,MS4/data/faces/face_1982.jpg,face
952,MS4/data/faces/face_2524.jpg,face
953,MS4/data/faces/face_1052.jpg,face
954,MS4/data/faces/face_1264.jpg,face
955,MS4/data/faces/face_1114.jpg,face
956,MS4/data/faces/face_173.jpg,face
957,MS4/data/faces/face_1246.jpg,face
958,MS4/data/faces/face_410.jpg,face
959,MS4/data/faces/face_1895.jpg,face
960,MS4/data/faces/face_1217.jpg,face
961,MS4/data/faces/face_33.jpg,face
962,MS4/data/faces/face_225.jpg,face
963,MS4/data/faces/face_528.jpg,face
964,MS4/data/faces/face_2262.jpg,face
965,MS4/data/faces/face_299.jpg,face
966,MS4/data/faces/face_932.jpg,face
967,MS4/data/faces/face_646.jpg,face
968,MS4/data/faces/face_2329.jpg,face
969,MS4/data/faces/face_275.jpg,face
970,MS4/data/faces/face_2368.jpg,face
971,MS4/data/faces/face_405.jpg,face
972,MS4/data/faces/face_2159.jpg,face
973,MS4/data/faces/face_918.jpg,face
974,MS4/data/faces/face_2204.jpg,face
975,MS4/data/faces/face_2315.jpg,face
976,MS4/data/faces/face_1280.jpg,face
977,MS4/data/faces/face_1798.jpg,face
978,MS4/data/faces/face_530.jpg,face
979,MS4/data/faces/face_469.jpg,face
980,MS4/data/faces/face_2051.jpg,face
981,MS4/data/faces/face_2443.jpg,face
982,MS4/data/faces/face_2496.jpg,face
983,MS4/data/faces/face_650.jpg,face
984,MS4/data/faces/face_1175.jpg,face
985,MS4/data/faces/face_712.jpg,face
986,MS4/data/faces/face_1185.jpg,face
987,MS4/data/faces/face_31.jpg,face
988,MS4/data/faces/face_95.jpg,face
989,MS4/data/faces/face_1298.jpg,face
990,MS4/data/faces/face_204.jpg,face
991,MS4/data/faces/face_378.jpg,face
992,MS4/data/faces/face_335.jpg,face
993,MS4/data/faces/face_2209.jpg,face
994,MS4/data/faces/face_2556.jpg,face
995,MS4/data/faces/face_76.jpg,face
996,MS4/data/faces/face_2291.jpg,face
997,MS4/data/faces/face_844.jpg,face
998,MS4/data/faces/face_1636.jpg,face
999,MS4/data/faces/face_89.jpg,face
1000,MS4/data/faces/face_1785.jpg,face
1001,MS4/data/faces/face_478.jpg,face
1002,MS4/data/faces/face_1242.jpg,face
1003,MS4/data/faces/face_363.jpg,face
1004,MS4/data/faces/face_2500.jpg,face
1005,MS4/data/faces/face_417.jpg,face
1006,MS4/data/faces/face_559.jpg,face
1007,MS4/data/faces/face_1089.jpg,face
1008,MS4/data/faces/face_1324.jpg,face
1009,MS4/data/faces/face_2227.jpg,face
1010,MS4/data/faces/face_1288.jpg,face
1011,MS4/data/faces/face_1760.jpg,face
1012,MS4/data/faces/face_1007.jpg,face
1013,MS4/data/faces/face_1688.jpg,face
1014,MS4/data/faces/face_2396.jpg,face
1015,MS4/data/faces/face_1790.jpg,face
1016,MS4/data/faces/face_1870.jpg,face
1017,MS4/data/faces/face_333.jpg,face
1018,MS4/data/faces/face_227.jpg,face
1019,MS4/data/faces/face_1808.jpg,face
1020,MS4/data/faces/face_1813.jpg,face
1021,MS4/data/faces/face_1941.jpg,face
1022,MS4/data/faces/face_1676.jpg,face
1023,MS4/data/faces/face_835.jpg,face
1024,MS4/data/faces/face_85.jpg,face
1025,MS4/data/faces/face_1471.jpg,face
1026,MS4/data/faces/face_2552.jpg,face
1027,MS4/data/faces/face_1492.jpg,face
1028,MS4/data/faces/face_498.jpg,face
1029,MS4/data/faces/face_1619.jpg,face
1030,MS4/data/faces/face_877.jpg,face
1031,MS4/data/faces/face_1907.jpg,face
1032,MS4/data/faces/face_192.jpg,face
1033,MS4/data/faces/face_1796.jpg,face
1034,MS4/data/faces/face_365.jpg,face
1035,MS4/data/faces/face_1070.jpg,face
1036,MS4/data/faces/face_1120.jpg,face
1037,MS4/data/faces/face_2463.jpg,face
1038,MS4/data/faces/face_1424.jpg,face
1039,MS4/data/faces/face_1180.jpg,face
1040,MS4/data/faces/face_1106.jpg,face
1041,MS4/data/faces/face_2372.jpg,face
1042,MS4/data/faces/face_1855.jpg,face
1043,MS4/data/faces/face_1996.jpg,face
1044,MS4/data/faces/face_1851.jpg,face
1045,MS4/data/faces/face_2012.jpg,face
1046,MS4/data/faces/face_67.jpg,face
1047,MS4/data/faces/face_61.jpg,face
1048,MS4/data/faces/face_529.jpg,face
1049,MS4/data/faces/face_1896.jpg,face
1050,MS4/data/faces/face_2530.jpg,face
1051,MS4/data/faces/face_1326.jpg,face
1052,MS4/data/faces/face_350.jpg,face
1053,MS4/data/faces/face_1387.jpg,face
1054,MS4/data/faces/face_1133.jpg,face
1055,MS4/data/faces/face_1511.jpg,face
1056,MS4/data/faces/face_48.jpg,face
1057,MS4/data/faces/face_92.jpg,face
1058,MS4/data/faces/face_639.jpg,face
1059,MS4/data/faces/face_974.jpg,face
1060,MS4/data/faces/face_450.jpg,face
1061,MS4/data/faces/face_1275.jpg,face
1062,MS4/data/faces/face_499.jpg,face
1063,MS4/data/faces/face_1561.jpg,face
1064,MS4/data/faces/face_1000.jpg,face
1065,MS4/data/faces/face_1508.jpg,face
1066,MS4/data/faces/face_2464.jpg,face
1067,MS4/data/faces/face_644.jpg,face
1068,MS4/data/faces/face_552.jpg,face
1069,MS4/data/faces/face_1863.jpg,face
1070,MS4/data/faces/face_434.jpg,face
1071,MS4/data/faces/face_332.jpg,face
1072,MS4/data/faces/face_631.jpg,face
1073,MS4/data/faces/face_254.jpg,face
1074,MS4/data/faces/face_2442.jpg,face
1075,MS4/data/faces/face_1237.jpg,face
1076,MS4/data/faces/face_239.jpg,face
1077,MS4/data/faces/face_322.jpg,face
1078,MS4/data/faces/face_1220.jpg,face
1079,MS4/data/faces/face_2195.jpg,face
1080,MS4/data/faces/face_1809.jpg,face
1081,MS4/data/faces/face_687.jpg,face
1082,MS4/data/faces/face_141.jpg,face
1083,MS4/data/faces/face_1810.jpg,face
1084,MS4/data/faces/face_1761.jpg,face
1085,MS4/data/faces/face_2416.jpg,face
1086,MS4/data/faces/face_2472.jpg,face
1087,MS4/data/faces/face_1304.jpg,face
1088,MS4/data/faces/face_2111.jpg,face
1089,MS4/data/faces/face_1203.jpg,face
1090,MS4/data/faces/face_816.jpg,face
1091,MS4/data/faces/face_308.jpg,face
1092,MS4/data/faces/face_1980.jpg,face
1093,MS4/data/faces/face_2535.jpg,face
1094,MS4/data/faces/face_1403.jpg,face
1095,MS4/data/faces/face_1429.jpg,face
1096,MS4/data/faces/face_2526.jpg,face
1097,MS4/data/faces/face_2502.jpg,face
1098,MS4/data/faces/face_1848.jpg,face
1099,MS4/data/faces/face_1481.jpg,face
1100,MS4/data/faces/face_1487.jpg,face
1101,MS4/data/faces/face_976.jpg,face
1102,MS4/data/faces/face_2133.jpg,face
1103,MS4/data/faces/face_737.jpg,face
1104,MS4/data/faces/face_1897.jpg,face
1105,MS4/data/faces/face_1994.jpg,face
1106,MS4/data/faces/face_280.jpg,face
1107,MS4/data/faces/face_575.jpg,face
1108,MS4/data/faces/face_1552.jpg,face
1109,MS4/data/faces/face_672.jpg,face
1110,MS4/data/faces/face_1635.jpg,face
1111,MS4/data/faces/face_1876.jpg,face
1112,MS4/data/faces/face_2381.jpg,face
1113,MS4/data/faces/face_1261.jpg,face
1114,MS4/data/faces/face_991.jpg,face
1115,MS4/data/faces/face_1884.jpg,face
1116,MS4/data/faces/face_1370.jpg,face
1117,MS4/data/faces/face_1736.jpg,face
1118,MS4/data/faces/face_379.jpg,face
1119,MS4/data/faces/face_1546.jpg,face
1120,MS4/data/faces/face_2235.jpg,face
1121,MS4/data/faces/face_404.jpg,face
1122,MS4/data/faces/face_2493.jpg,face
1123,MS4/data/faces/face_1985.jpg,face
1124,MS4/data/faces/face_847.jpg,face
1125,MS4/data/faces/face_147.jpg,face
1126,MS4/data/faces/face_705.jpg,face
1127,MS4/data/faces/face_2547.jpg,face
1128,MS4/data/faces/face_56.jpg,face
1129,MS4/data/faces/face_735.jpg,face
1130,MS4/data/faces/face_261.jpg,face
1131,MS4/data/faces/face_1983.jpg,face
1132,MS4/data/faces/face_511.jpg,face
1133,MS4/data/faces/face_1962.jpg,face
1134,MS4/data/faces/face_2074.jpg,face
1135,MS4/data/faces/face_349.jpg,face
1136,MS4/data/faces/face_1100.jpg,face
1137,MS4/data/faces/face_1117.jpg,face
1138,MS4/data/faces/face_51.jpg,face
1139,MS4/data/faces/face_909.jpg,face
1140,MS4/data/faces/face_1961.jpg,face
1141,MS4/data/faces/face_1940.jpg,face
1142,MS4/data/faces/face_2522.jpg,face
1143,MS4/data/faces/face_1112.jpg,face
1144,MS4/data/faces/face_102.jpg,face
1145,MS4/data/faces/face_777.jpg,face
1146,MS4/data/faces/face_1693.jpg,face
1147,MS4/data/faces/face_1671.jpg,face
1148,MS4/data/faces/face_749.jpg,face
1149,MS4/data/faces/face_1890.jpg,face
1150,MS4/data/faces/face_509.jpg,face
1151,MS4/data/faces/face_82.jpg,face
1152,MS4/data/faces/face_293.jpg,face
1153,MS4/data/faces/face_611.jpg,face
1154,MS4/data/faces/face_1755.jpg,face
1155,MS4/data/faces/face_253.jpg,face
1156,MS4/data/faces/face_2189.jpg,face
1157,MS4/data/faces/face_1850.jpg,face
1158,MS4/data/faces/face_2155.jpg,face
1159,MS4/data/faces/face_1724.jpg,face
1160,MS4/data/faces/face_2402.jpg,face
1161,MS4/data/faces/face_1085.jpg,face
1162,MS4/data/faces/face_2529.jpg,face
1163,MS4/data/faces/face_1480.jpg,face
1164,MS4/data/faces/face_465.jpg,face
1165,MS4/data/faces/face_924.jpg,face
1166,MS4/data/faces/face_472.jpg,face
1167,MS4/data/faces/face_1408.jpg,face
1168,MS4/data/faces/face_2218.jpg,face
1169,MS4/data/faces/face_377.jpg,face
1170,MS4/data/faces/face_870.jpg,face
1171,MS4/data/faces/face_184.jpg,face
1172,MS4/data/faces/face_2171.jpg,face
1173,MS4/data/faces/face_217.jpg,face
1174,MS4/data/faces/face_1066.jpg,face
1175,MS4/data/faces/face_1812.jpg,face
1176,MS4/data/faces/face_1858.jpg,face
1177,MS4/data/faces/face_1519.jpg,face
1178,MS4/data/faces/face_1215.jpg,face
1179,MS4/data/faces/face_804.jpg,face
1180,MS4/data/faces/face_1109.jpg,face
1181,MS4/data/faces/face_2280.jpg,face
1182,MS4/data/faces/face_661.jpg,face
1183,MS4/data/faces/face_277.jpg,face
1184,MS4/data/faces/face_1637.jpg,face
1185,MS4/data/faces/face_2274.jpg,face
1186,MS4/data/faces/face_1474.jpg,face
1187,MS4/data/faces/face_2440.jpg,face
1188,MS4/data/faces/face_304.jpg,face
1189,MS4/data/faces/face_658.jpg,face
1190,MS4/data/faces/face_1495.jpg,face
1191,MS4/data/faces/face_2449.jpg,face
1192,MS4/data/faces/face_2555.jpg,face
1193,MS4/data/faces/face_782.jpg,face
1194,MS4/data/faces/face_872.jpg,face
1195,MS4/data/faces/face_345.jpg,face
1196,MS4/data/faces/face_2113.jpg,face
1197,MS4/data/faces/face_2222.jpg,face
1198,MS4/data/faces/face_1954.jpg,face
1199,MS4/data/faces/face_1256.jpg,face
1200,MS4/data/faces/face_288.jpg,face
1201,MS4/data/faces/face_2429.jpg,face
1202,MS4/data/faces/face_1257.jpg,face
1203,MS4/data/faces/face_2344.jpg,face
1204,MS4/data/faces/face_809.jpg,face
1205,MS4/data/faces/face_891.jpg,face
1206,MS4/data/faces/face_512.jpg,face
1207,MS4/data/faces/face_2544.jpg,face
1208,MS4/data/faces/face_2232.jpg,face
1209,MS4/data/faces/face_236.jpg,face
1210,MS4/data/faces/face_1529.jpg,face
1211,MS4/data/faces/face_198.jpg,face
1212,MS4/data/faces/face_813.jpg,face
1213,MS4/data/faces/face_1499.jpg,face
1214,MS4/data/faces/face_702.jpg,face
1215,MS4/data/faces/face_1347.jpg,face
1216,MS4/data/faces/face_226.jpg,face
1217,MS4/data/faces/face_2054.jpg,face
1218,MS4/data/faces/face_913.jpg,face
1219,MS4/data/faces/face_489.jpg,face
1220,MS4/data/faces/face_2057.jpg,face
1221,MS4/data/faces/face_265.jpg,face
1222,MS4/data/faces/face_1176.jpg,face
1223,MS4/data/faces/face_827.jpg,face
1224,MS4/data/faces/face_2114.jpg,face
1225,MS4/data/faces/face_1375.jpg,face
1226,MS4/data/faces/face_1049.jpg,face
1227,MS4/data/faces/face_1024.jpg,face
1228,MS4/data/faces/face_1591.jpg,face
1229,MS4/data/faces/face_994.jpg,face
1230,MS4/data/faces/face_2425.jpg,face
1231,MS4/data/faces/face_2432.jpg,face
1232,MS4/data/faces/face_114.jpg,face
1233,MS4/data/faces/face_996.jpg,face
1234,MS4/data/faces/face_1151.jpg,face
1235,MS4/data/faces/face_569.jpg,face
1236,MS4/data/faces/face_1899.jpg,face
1237,MS4/data/faces/face_292.jpg,face
1238,MS4/data/faces/face_258.jpg,face
1239,MS4/data/faces/face_456.jpg,face
1240,MS4/data/faces/face_1777.jpg,face
1241,MS4/data/faces/face_2166.jpg,face
1242,MS4/data/faces/face_80.jpg,face
1243,MS4/data/faces/face_436.jpg,face
1244,MS4/data/faces/face_1710.jpg,face
1245,MS4/data/faces/face_2001.jpg,face
1246,MS4/data/faces/face_1730.jpg,face
1247,MS4/data/faces/face_1538.jpg,face
1248,MS4/data/faces/face_2027.jpg,face
1249,MS4/data/faces/face_1745.jpg,face
1250,MS4/data/faces/face_1814.jpg,face
1251,MS4/data/faces/face_116.jpg,face
1252,MS4/data/faces/face_2543.jpg,face
1253,MS4/data/faces/face_1515.jpg,face
1254,MS4/data/faces/face_1720.jpg,face
1255,MS4/data/faces/face_53.jpg,face
1256,MS4/data/faces/face_279.jpg,face
1257,MS4/data/faces/face_591.jpg,face
1258,MS4/data/faces/face_624.jpg,face
1259,MS4/data/faces/face_383.jpg,face
1260,MS4/data/faces/face_356.jpg,face
1261,MS4/data/faces/face_2476.jpg,face
1262,MS4/data/faces/face_1395.jpg,face
1263,MS4/data/faces/face_1191.jpg,face
1264,MS4/data/faces/face_1757.jpg,face
1265,MS4/data/faces/face_2540.jpg,face
1266,MS4/data/faces/face_175.jpg,face
1267,MS4/data/faces/face_237.jpg,face
1268,MS4/data/faces/face_1660.jpg,face
1269,MS4/data/faces/face_328.jpg,face
1270,MS4/data/faces/face_1423.jpg,face
1271,MS4/data/faces/face_876.jpg,face
1272,MS4/data/faces/face_1539.jpg,face
1273,MS4/data/faces/face_818.jpg,face
1274,MS4/data/faces/face_761.jpg,face
1275,MS4/data/faces/face_457.jpg,face
1276,MS4/data/faces/face_444.jpg,face
1277,MS4/data/faces/face_2226.jpg,face
1278,MS4/data/faces/face_1254.jpg,face
1279,MS4/data/faces/face_2514.jpg,face
1280,MS4/data/faces/face_117.jpg,face
1281,MS4/data/faces/face_1314.jpg,face
1282,MS4/data/faces/face_1892.jpg,face
1283,MS4/data/faces/face_1118.jpg,face
1284,MS4/data/faces/face_1265.jpg,face
1285,MS4/data/faces/face_19.jpg,face
1286,MS4/data/faces/face_984.jpg,face
1287,MS4/data/faces/face_2380.jpg,face
1288,MS4/data/faces/face_1440.jpg,face
1289,MS4/data/faces/face_1544.jpg,face
1290,MS4/data/faces/face_449.jpg,face
1291,MS4/data/faces/face_998.jpg,face
1292,MS4/data/faces/face_1901.jpg,face
1293,MS4/data/faces/face_36.jpg,face
1294,MS4/data/faces/face_1525.jpg,face
1295,MS4/data/faces/face_1737.jpg,face
1296,MS4/data/faces/face_416.jpg,face
1297,MS4/data/faces/face_496.jpg,face
1298,MS4/data/faces/face_55.jpg,face
1299,MS4/data/faces/face_1589.jpg,face
1300,MS4/data/faces/face_987.jpg,face
1301,MS4/data/faces/face_138.jpg,face
1302,MS4/data/faces/face_1699.jpg,face
1303,MS4/data/faces/face_1845.jpg,face
1304,MS4/data/faces/face_1296.jpg,face
1305,MS4/data/faces/face_414.jpg,face
1306,MS4/data/faces/face_1014.jpg,face
1307,MS4/data/faces/face_1998.jpg,face
1308,MS4/data/faces/face_1703.jpg,face
1309,MS4/data/faces/face_1915.jpg,face
1310,MS4/data/faces/face_775.jpg,face
1311,MS4/data/faces/face_2163.jpg,face
1312,MS4/data/faces/face_29.jpg,face
1313,MS4/data/faces/face_1869.jpg,face
1314,MS4/data/faces/face_2277.jpg,face
1315,MS4/data/faces/face_2080.jpg,face
1316,MS4/data/faces/face_1553.jpg,face
1317,MS4/data/faces/face_2010.jpg,face
1318,MS4/data/faces/face_185.jpg,face
1319,MS4/data/faces/face_927.jpg,face
1320,MS4/data/faces/face_1645.jpg,face
1321,MS4/data/faces/face_482.jpg,face
1322,MS4/data/faces/face_829.jpg,face
1323,MS4/data/faces/face_2489.jpg,face
1324,MS4/data/faces/face_2321.jpg,face
1325,MS4/data/faces/face_146.jpg,face
1326,MS4/data/faces/face_925.jpg,face
1327,MS4/data/faces/face_1309.jpg,face
1328,MS4/data/faces/face_199.jpg,face
1329,MS4/data/faces/face_1782.jpg,face
1330,MS4/data/faces/face_1505.jpg,face
1331,MS4/data/faces/face_2199.jpg,face
1332,MS4/data/faces/face_1877.jpg,face
1333,MS4/data/faces/face_40.jpg,face
1334,MS4/data/faces/face_2367.jpg,face
1335,MS4/data/faces/face_66.jpg,face
1336,MS4/data/faces/face_750.jpg,face
1337,MS4/data/faces/face_1595.jpg,face
1338,MS4/data/faces/face_1344.jpg,face
1339,MS4/data/faces/face_1865.jpg,face
1340,MS4/data/faces/face_1430.jpg,face
1341,MS4/data/faces/face_1908.jpg,face
1342,MS4/data/faces/face_272.jpg,face
1343,MS4/data/faces/face_1795.jpg,face
1344,MS4/data/faces/face_1140.jpg,face
1345,MS4/data/faces/face_2542.jpg,face
1346,MS4/data/faces/face_1574.jpg,face
1347,MS4/data/faces/face_2512.jpg,face
1348,MS4/data/faces/face_310.jpg,face
1349,MS4/data/faces/face_1639.jpg,face
1350,MS4/data/faces/face_276.jpg,face
1351,MS4/data/faces/face_38.jpg,face
1352,MS4/data/faces/face_108.jpg,face
1353,MS4/data/faces/face_1064.jpg,face
1354,MS4/data/faces/face_1507.jpg,face
1355,MS4/data/faces/face_2198.jpg,face
1356,MS4/data/faces/face_2459.jpg,face
1357,MS4/data/faces/face_170.jpg,face
1358,MS4/data/faces/face_683.jpg,face
1359,MS4/data/faces/face_620.jpg,face
1360,MS4/data/faces/face_722.jpg,face
1361,MS4/data/faces/face_1338.jpg,face
1362,MS4/data/faces/face_1285.jpg,face
1363,MS4/data/faces/face_2282.jpg,face
1364,MS4/data/faces/face_1079.jpg,face
1365,MS4/data/faces/face_285.jpg,face
1366,MS4/data/faces/face_2477.jpg,face
1367,MS4/data/faces/face_316.jpg,face
1368,MS4/data/faces/face_756.jpg,face
1369,MS4/data/faces/face_785.jpg,face
1370,MS4/data/faces/face_2052.jpg,face
1371,MS4/data/faces/face_453.jpg,face
1372,MS4/data/faces/face_1620.jpg,face
1373,MS4/data/faces/face_1316.jpg,face
1374,MS4/data/faces/face_945.jpg,face
1375,MS4/data/faces/face_1860.jpg,face
1376,MS4/data/faces/face_1337.jpg,face
1377,MS4/data/faces/face_210.jpg,face
1378,MS4/data/faces/face_483.jpg,face
1379,MS4/data/faces/face_274.jpg,face
1380,MS4/data/faces/face_1927.jpg,face
1381,MS4/data/faces/face_766.jpg,face
1382,MS4/data/faces/face_151.jpg,face
1383,MS4/data/faces/face_2070.jpg,face
1384,MS4/data/faces/face_1547.jpg,face
1385,MS4/data/faces/face_1770.jpg,face
1386,MS4/data/faces/face_1258.jpg,face
1387,MS4/data/faces/face_780.jpg,face
1388,MS4/data/faces/face_898.jpg,face
1389,MS4/data/faces/face_1057.jpg,face
1390,MS4/data/faces/face_592.jpg,face
1391,MS4/data/faces/face_1913.jpg,face
1392,MS4/data/faces/face_212.jpg,face
1393,MS4/data/faces/face_41.jpg,face
1394,MS4/data/faces/face_59.jpg,face
1395,MS4/data/faces/face_2097.jpg,face
1396,MS4/data/faces/face_935.jpg,face
1397,MS4/data/faces/face_594.jpg,face
1398,MS4/data/faces/face_739.jpg,face
1399,MS4/data/faces/face_11.jpg,face
1400,MS4/data/faces/face_505.jpg,face
1401,MS4/data/faces/face_1476.jpg,face
1402,MS4/data/faces/face_943.jpg,face
1403,MS4/data/faces/face_1885.jpg,face
1404,MS4/data/faces/face_1207.jpg,face
1405,MS4/data/faces/face_1718.jpg,face
1406,MS4/data/faces/face_1221.jpg,face
1407,MS4/data/faces/face_2126.jpg,face
1408,MS4/data/faces/face_2018.jpg,face
1409,MS4/data/faces/face_724.jpg,face
1410,MS4/data/faces/face_1729.jpg,face
1411,MS4/data/faces/face_2311.jpg,face
1412,MS4/data/faces/face_220.jpg,face
1413,MS4/data/faces/face_1613.jpg,face
1414,MS4/data/faces/face_1924.jpg,face
1415,MS4/data/faces/face_1162.jpg,face
1416,MS4/data/faces/face_1167.jpg,face
1417,MS4/data/faces/face_618.jpg,face
1418,MS4/data/faces/face_908.jpg,face
1419,MS4/data/faces/face_1501.jpg,face
1420,MS4/data/faces/face_419.jpg,face
1421,MS4/data/faces/face_1477.jpg,face
1422,MS4/data/faces/face_1713.jpg,face
1423,MS4/data/faces/face_999.jpg,face
1424,MS4/data/faces/face_2081.jpg,face
1425,MS4/data/faces/face_2092.jpg,face
1426,MS4/data/faces/face_1687.jpg,face
1427,MS4/data/faces/face_2456.jpg,face
1428,MS4/data/faces/face_1942.jpg,face
1429,MS4/data/faces/face_2386.jpg,face
1430,MS4/data/faces/face_796.jpg,face
1431,MS4/data/faces/face_1434.jpg,face
1432,MS4/data/faces/face_1241.jpg,face
1433,MS4/data/faces/face_143.jpg,face
1434,MS4/data/faces/face_1361.jpg,face
1435,MS4/data/faces/face_2136.jpg,face
1436,MS4/data/faces/face_63.jpg,face
1437,MS4/data/faces/face_1054.jpg,face
1438,MS4/data/faces/face_1443.jpg,face
1439,MS4/data/faces/face_895.jpg,face
1440,MS4/data/faces/face_2020.jpg,face
1441,MS4/data/faces/face_543.jpg,face
1442,MS4/data/faces/face_2084.jpg,face
1443,MS4/data/faces/face_546.jpg,face
1444,MS4/data/faces/face_1665.jpg,face
1445,MS4/data/faces/face_886.jpg,face
1446,MS4/data/faces/face_2515.jpg,face
1447,MS4/data/faces/face_2465.jpg,face
1448,MS4/data/faces/face_556.jpg,face
1449,MS4/data/faces/face_2265.jpg,face
1450,MS4/data/faces/face_1831.jpg,face
1451,MS4/data/faces/face_325.jpg,face
1452,MS4/data/faces/face_645.jpg,face
1453,MS4/data/faces/face_1584.jpg,face
1454,MS4/data/faces/face_531.jpg,face
1455,MS4/data/faces/face_1625.jpg,face
1456,MS4/data/faces/face_431.jpg,face
1457,MS4/data/faces/face_1522.jpg,face
1458,MS4/data/faces/face_200.jpg,face
1459,MS4/data/faces/face_520.jpg,face
1460,MS4/data/faces/face_971.jpg,face
1461,MS4/data/faces/face_1141.jpg,face
1462,MS4/data/faces/face_1530.jpg,face
1463,MS4/data/faces/face_166.jpg,face
1464,MS4/data/faces/face_2088.jpg,face
1465,MS4/data/faces/face_1583.jpg,face
1466,MS4/data/faces/face_136.jpg,face
1467,MS4/data/faces/face_812.jpg,face
1468,MS4/data/faces/face_28.jpg,face
1469,MS4/data/faces/face_685.jpg,face
1470,MS4/data/faces/face_94.jpg,face
1471,MS4/data/faces/face_626.jpg,face
1472,MS4/data/faces/face_2167.jpg,face
1473,MS4/data/faces/face_385.jpg,face
1474,MS4/data/faces/face_1253.jpg,face
1475,MS4/data/faces/face_676.jpg,face
1476,MS4/data/faces/face_14.jpg,face
1477,MS4/data/faces/face_915.jpg,face
1478,MS4/data/faces/face_1988.jpg,face
1479,MS4/data/faces/face_2404.jpg,face
1480,MS4/data/faces/face_1670.jpg,face
1481,MS4/data/faces/face_1937.jpg,face
1482,MS4/data/faces/face_988.jpg,face
1483,MS4/data/faces/face_634.jpg,face
1484,MS4/data/faces/face_944.jpg,face
1485,MS4/data/faces/face_1196.jpg,face
1486,MS4/data/faces/face_1918.jpg,face
1487,MS4/data/faces/face_372.jpg,face
1488,MS4/data/faces/face_1743.jpg,face
1489,MS4/data/faces/face_2487.jpg,face
1490,MS4/data/faces/face_926.jpg,face
1491,MS4/data/faces/face_953.jpg,face
1492,MS4/data/faces/face_2210.jpg,face
1493,MS4/data/faces/face_2534.jpg,face
1494,MS4/data/faces/face_2197.jpg,face
1495,MS4/data/faces/face_1352.jpg,face
1496,MS4/data/faces/face_903.jpg,face
1497,MS4/data/faces/face_1748.jpg,face
1498,MS4/data/faces/face_610.jpg,face
1499,MS4/data/faces/face_1394.jpg,face
1500,MS4/data/faces/face_43.jpg,face
1501,MS4/data/faces/face_1503.jpg,face
1502,MS4/data/faces/face_690.jpg,face
1503,MS4/data/faces/face_1531.jpg,face
1504,MS4/data/faces/face_689.jpg,face
1505,MS4/data/faces/face_1975.jpg,face
1506,MS4/data/faces/face_3.jpg,face
1507,MS4/data/faces/face_2323.jpg,face
1508,MS4/data/faces/face_501.jpg,face
1509,MS4/data/faces/face_1442.jpg,face
1510,MS4/data/faces/face_1458.jpg,face
1511,MS4/data/faces/face_1351.jpg,face
1512,MS4/data/faces/face_1824.jpg,face
1513,MS4/data/faces/face_823.jpg,face
1514,MS4/data/faces/face_1852.jpg,face
1515,MS4/data/faces/face_2304.jpg,face
1516,MS4/data/faces/face_751.jpg,face
1517,MS4/data/faces/face_196.jpg,face
1518,MS4/data/faces/face_2279.jpg,face
1519,MS4/data/faces/face_899.jpg,face
1520,MS4/data/faces/face_216.jpg,face
1521,MS4/data/faces/face_1410.jpg,face
1522,MS4/data/faces/face_770.jpg,face
1523,MS4/data/faces/face_2060.jpg,face
1524,MS4/data/faces/face_652.jpg,face
1525,MS4/data/faces/face_1233.jpg,face
1526,MS4/data/faces/face_2390.jpg,face
1527,MS4/data/faces/face_1273.jpg,face
1528,MS4/data/faces/face_840.jpg,face
1529,MS4/data/faces/face_640.jpg,face
1530,MS4/data/faces/face_2068.jpg,face
1531,MS4/data/faces/face_1739.jpg,face
1532,MS4/data/faces/face_1818.jpg,face
1533,MS4/data/faces/face_2276.jpg,face
1534,MS4/data/faces/face_355.jpg,face
1535,MS4/data/faces/face_191.jpg,face
1536,MS4/data/faces/face_348.jpg,face
1537,MS4/data/faces/face_599.jpg,face
1538,MS4/data/faces/face_1840.jpg,face
1539,MS4/data/faces/face_374.jpg,face
1540,MS4/data/faces/face_1336.jpg,face
1541,MS4/data/faces/face_1875.jpg,face
1542,MS4/data/faces/face_1287.jpg,face
1543,MS4/data/faces/face_1239.jpg,face
1544,MS4/data/faces/face_68.jpg,face
1545,MS4/data/faces/face_1629.jpg,face
1546,MS4/data/faces/face_2363.jpg,face
1547,MS4/data/faces/face_1095.jpg,face
1548,MS4/data/faces/face_1608.jpg,face
1549,MS4/data/faces/face_2050.jpg,face
1550,MS4/data/faces/face_1550.jpg,face
1551,MS4/data/faces/face_2273.jpg,face
1552,MS4/data/faces/face_1958.jpg,face
1553,MS4/data/faces/face_1835.jpg,face
1554,MS4/data/faces/face_1053.jpg,face
1555,MS4/data/faces/face_1655.jpg,face
1556,MS4/data/faces/face_1516.jpg,face
1557,MS4/data/faces/face_2140.jpg,face
1558,MS4/data/faces/face_467.jpg,face
1559,MS4/data/faces/face_956.jpg,face
1560,MS4/data/faces/face_123.jpg,face
1561,MS4/data/faces/face_2533.jpg,face
1562,MS4/data/faces/face_731.jpg,face
1563,MS4/data/faces/face_1741.jpg,face
1564,MS4/data/faces/face_1568.jpg,face
1565,MS4/data/faces/face_2385.jpg,face
1566,MS4/data/faces/face_42.jpg,face
1567,MS4/data/faces/face_1780.jpg,face
1568,MS4/data/faces/face_208.jpg,face
1569,MS4/data/faces/face_91.jpg,face
1570,MS4/data/faces/face_843.jpg,face
1571,MS4/data/faces/face_1904.jpg,face
1572,MS4/data/faces/face_1247.jpg,face
1573,MS4/data/faces/face_1664.jpg,face
1574,MS4/data/faces/face_503.jpg,face
1575,MS4/data/faces/face_305.jpg,face
1576,MS4/data/faces/face_850.jpg,face
1577,MS4/data/faces/face_825.jpg,face
1578,MS4/data/faces/face_1849.jpg,face
1579,MS4/data/faces/face_64.jpg,face
1580,MS4/data/faces/face_25.jpg,face
1581,MS4/data/faces/face_801.jpg,face
1582,MS4/data/faces/face_1668.jpg,face
1583,MS4/data/faces/face_1979.jpg,face
1584,MS4/data/faces/face_959.jpg,face
1585,MS4/data/faces/face_452.jpg,face
1586,MS4/data/faces/face_1397.jpg,face
1587,MS4/data/faces/face_2013.jpg,face
1588,MS4/data/faces/face_1322.jpg,face
1589,MS4/data/faces/face_1333.jpg,face
1590,MS4/data/faces/face_1966.jpg,face
1591,MS4/data/faces/face_1911.jpg,face
1592,MS4/data/faces/face_1011.jpg,face
1593,MS4/data/faces/face_2479.jpg,face
1594,MS4/data/faces/face_415.jpg,face
1595,MS4/data/faces/face_2482.jpg,face
1596,MS4/data/faces/face_880.jpg,face
1597,MS4/data/faces/face_2513.jpg,face
1598,MS4/data/faces/face_139.jpg,face
1599,MS4/data/faces/face_317.jpg,face
1600,MS4/data/faces/face_513.jpg,face
1601,MS4/data/faces/face_665.jpg,face
1602,MS4/data/faces/face_2180.jpg,face
1603,MS4/data/faces/face_2162.jpg,face
1604,MS4/data/faces/face_2045.jpg,face
1605,MS4/data/faces/face_1468.jpg,face
1606,MS4/data/faces/face_1893.jpg,face
1607,MS4/data/faces/face_2055.jpg,face
1608,MS4/data/faces/face_99.jpg,face
1609,MS4/data/faces/face_792.jpg,face
1610,MS4/data/faces/face_2335.jpg,face
1611,MS4/data/faces/face_1155.jpg,face
1612,MS4/data/faces/face_2034.jpg,face
1613,MS4/data/faces/face_1455.jpg,face
1614,MS4/data/faces/face_597.jpg,face
1615,MS4/data/faces/face_1311.jpg,face
1616,MS4/data/faces/face_17.jpg,face
1617,MS4/data/faces/face_2427.jpg,face
1618,MS4/data/faces/face_2322.jpg,face
1619,MS4/data/faces/face_206.jpg,face
1620,MS4/data/faces/face_967.jpg,face
1621,MS4/data/faces/face_794.jpg,face
1622,MS4/data/faces/face_72.jpg,face
1623,MS4/data/faces/face_507.jpg,face
1624,MS4/data/faces/face_2115.jpg,face
1625,MS4/data/faces/face_1173.jpg,face
1626,MS4/data/faces/face_1026.jpg,face
1627,MS4/data/faces/face_637.jpg,face
1628,MS4/data/faces/face_1512.jpg,face
1629,MS4/data/faces/face_1912.jpg,face
1630,MS4/data/faces/face_1157.jpg,face
1631,MS4/data/faces/face_1995.jpg,face
1632,MS4/data/faces/face_1517.jpg,face
1633,MS4/data/faces/face_1018.jpg,face
1634,MS4/data/faces/face_564.jpg,face
1635,MS4/data/faces/face_2421.jpg,face
1636,MS4/data/faces/face_1201.jpg,face
1637,MS4/data/faces/face_992.jpg,face
1638,MS4/data/faces/face_817.jpg,face
1639,MS4/data/faces/face_973.jpg,face
1640,MS4/data/faces/face_1006.jpg,face
1641,MS4/data/faces/face_2361.jpg,face
1642,MS4/data/faces/face_1491.jpg,face
1643,MS4/data/faces/face_98.jpg,face
1644,MS4/data/faces/face_1826.jpg,face
1645,MS4/data/faces/face_2430.jpg,face
1646,MS4/data/faces/face_1976.jpg,face
1647,MS4/data/faces/face_121.jpg,face
1648,MS4/data/faces/face_1731.jpg,face
1649,MS4/data/faces/face_49.jpg,face
1650,MS4/data/faces/face_580.jpg,face
1651,MS4/data/faces/face_643.jpg,face
1652,MS4/data/faces/face_1950.jpg,face
1653,MS4/data/faces/face_1182.jpg,face
1654,MS4/data/faces/face_1205.jpg,face
1655,MS4/data/faces/face_771.jpg,face
1656,MS4/data/faces/face_2278.jpg,face
1657,MS4/data/faces/face_240.jpg,face
1658,MS4/data/faces/face_663.jpg,face
1659,MS4/data/faces/face_2244.jpg,face
1660,MS4/data/faces/face_2029.jpg,face
1661,MS4/data/faces/face_2338.jpg,face
1662,MS4/data/faces/face_2305.jpg,face
1663,MS4/data/faces/face_2024.jpg,face
1664,MS4/data/faces/face_572.jpg,face
1665,MS4/data/faces/face_2110.jpg,face
1666,MS4/data/faces/face_1345.jpg,face
1667,MS4/data/faces/face_2016.jpg,face
1668,MS4/data/faces/face_537.jpg,face
1669,MS4/data/faces/face_2017.jpg,face
1670,MS4/data/faces/face_2089.jpg,face
1671,MS4/data/faces/face_759.jpg,face
1672,MS4/data/faces/face_912.jpg,face
1673,MS4/data/faces/face_1742.jpg,face
1674,MS4/data/faces/face_602.jpg,face
1675,MS4/data/faces/face_600.jpg,face
1676,MS4/data/faces/face_1436.jpg,face
1677,MS4/data/faces/face_2069.jpg,face
1678,MS4/data/faces/face_1235.jpg,face
1679,MS4/data/faces/face_1738.jpg,face
1680,MS4/data/faces/face_542.jpg,face
1681,MS4/data/faces/face_1090.jpg,face
1682,MS4/data/faces/face_1290.jpg,face
1683,MS4/data/faces/face_2393.jpg,face
1684,MS4/data/faces/face_954.jpg,face
1685,MS4/data/faces/face_567.jpg,face
1686,MS4/data/faces/face_878.jpg,face
1687,MS4/data/faces/face_2201.jpg,face
1688,MS4/data/faces/face_2186.jpg,face
1689,MS4/data/faces/face_2106.jpg,face
1690,MS4/data/faces/face_1630.jpg,face
1691,MS4/data/faces/face_603.jpg,face
1692,MS4/data/faces/face_2511.jpg,face
1693,MS4/data/faces/face_651.jpg,face
1694,MS4/data/faces/face_159.jpg,face
1695,MS4/data/faces/face_1446.jpg,face
1696,MS4/data/faces/face_1411.jpg,face
1697,MS4/data/faces/face_2.jpg,face
1698,MS4/data/faces/face_1315.jpg,face
1699,MS4/data/faces/face_2220.jpg,face
1700,MS4/data/faces/face_1334.jpg,face
1701,MS4/data/faces/face_2467.jpg,face
1702,MS4/data/faces/face_2035.jpg,face
1703,MS4/data/faces/face_1853.jpg,face
1704,MS4/data/faces/face_1482.jpg,face
1705,MS4/data/faces/face_2295.jpg,face
1706,MS4/data/faces/face_2190.jpg,face
1707,MS4/data/faces/face_1432.jpg,face
1708,MS4/data/faces/face_1348.jpg,face
1709,MS4/data/faces/face_167.jpg,face
1710,MS4/data/faces/face_1960.jpg,face
1711,MS4/data/faces/face_1986.jpg,face
1712,MS4/data/faces/face_921.jpg,face
1713,MS4/data/faces/face_2484.jpg,face
1714,MS4/data/faces/face_480.jpg,face
1715,MS4/data/faces/face_2312.jpg,face
1716,MS4/data/faces/face_561.jpg,face
1717,MS4/data/faces/face_1138.jpg,face
1718,MS4/data/faces/face_2475.jpg,face
1719,MS4/data/faces/face_1872.jpg,face
1720,MS4/data/faces/face_1413.jpg,face
1721,MS4/data/faces/face_1894.jpg,face
1722,MS4/data/faces/face_1147.jpg,face
1723,MS4/data/faces/face_2075.jpg,face
1724,MS4/data/faces/face_1874.jpg,face
1725,MS4/data/faces/face_521.jpg,face
1726,MS4/data/faces/face_381.jpg,face
1727,MS4/data/faces/face_1213.jpg,face
1728,MS4/data/faces/face_1864.jpg,face
1729,MS4/data/faces/face_2021.jpg,face
1730,MS4/data/faces/face_2410.jpg,face
1731,MS4/data/faces/face_729.jpg,face
1732,MS4/data/faces/face_662.jpg,face
1733,MS4/data/faces/face_2340.jpg,face
1734,MS4/data/faces/face_703.jpg,face
1735,MS4/data/faces/face_1350.jpg,face
1736,MS4/data/faces/face_753.jpg,face
1737,MS4/data/faces/face_1190.jpg,face
1738,MS4/data/faces/face_2129.jpg,face
1739,MS4/data/faces/face_1357.jpg,face
1740,MS4/data/faces/face_516.jpg,face
1741,MS4/data/faces/face_1971.jpg,face
1742,MS4/data/faces/face_1222.jpg,face
1743,MS4/data/faces/face_396.jpg,face
1744,MS4/data/faces/face_948.jpg,face
1745,MS4/data/faces/face_1509.jpg,face
1746,MS4/data/faces/face_911.jpg,face
1747,MS4/data/faces/face_1228.jpg,face
1748,MS4/data/faces/face_451.jpg,face
1749,MS4/data/faces/face_2077.jpg,face
1750,MS4/data/faces/face_2495.jpg,face
1751,MS4/data/faces/face_1124.jpg,face
1752,MS4/data/faces/face_788.jpg,face
1753,MS4/data/faces/face_318.jpg,face
1754,MS4/data/faces/face_755.jpg,face
1755,MS4/data/faces/face_789.jpg,face
1756,MS4/data/faces/face_2288.jpg,face
1757,MS4/data/faces/face_2347.jpg,face
1758,MS4/data/faces/face_2415.jpg,face
1759,MS4/data/faces/face_1325.jpg,face
1760,MS4/data/faces/face_820.jpg,face
1761,MS4/data/faces/face_84.jpg,face
1762,MS4/data/faces/face_458.jpg,face
1763,MS4/data/faces/face_1076.jpg,face
1764,MS4/data/faces/face_1556.jpg,face
1765,MS4/data/faces/face_1787.jpg,face
1766,MS4/data/faces/face_960.jpg,face
1767,MS4/data/faces/face_156.jpg,face
1768,MS4/data/faces/face_1642.jpg,face
1769,MS4/data/faces/face_232.jpg,face
1770,MS4/data/faces/face_1934.jpg,face
1771,MS4/data/faces/face_1323.jpg,face
1772,MS4/data/faces/face_716.jpg,face
1773,MS4/data/faces/face_504.jpg,face
1774,MS4/data/faces/face_2139.jpg,face
1775,MS4/data/faces/face_160.jpg,face
1776,MS4/data/faces/face_2486.jpg,face
1777,MS4/data/faces/face_312.jpg,face
1778,MS4/data/faces/face_1452.jpg,face
1779,MS4/data/faces/face_2505.jpg,face
1780,MS4/data/faces/face_2127.jpg,face
1781,MS4/data/faces/face_1134.jpg,face
1782,MS4/data/faces/face_230.jpg,face
1783,MS4/data/faces/face_1373.jpg,face
1784,MS4/data/faces/face_375.jpg,face
1785,MS4/data/faces/face_70.jpg,face
1786,MS4/data/faces/face_772.jpg,face
1787,MS4/data/faces/face_2059.jpg,face
1788,MS4/data/faces/face_1169.jpg,face
1789,MS4/data/faces/face_111.jpg,face
1790,MS4/data/faces/face_1197.jpg,face
1791,MS4/data/faces/face_1417.jpg,face
1792,MS4/data/faces/face_1651.jpg,face
1793,MS4/data/faces/face_1910.jpg,face
1794,MS4/data/faces/face_649.jpg,face
1795,MS4/data/faces/face_247.jpg,face
1796,MS4/data/faces/face_1803.jpg,face
1797,MS4/data/faces/face_1634.jpg,face
1798,MS4/data/faces/face_262.jpg,face
1799,MS4/data/faces/face_1871.jpg,face
1800,MS4/data/faces/face_255.jpg,face
1801,MS4/data/faces/face_1343.jpg,face
1802,MS4/data/faces/face_1999.jpg,face
1803,MS4/data/faces/face_942.jpg,face
1804,MS4/data/faces/face_1211.jpg,face
1805,MS4/data/faces/face_2327.jpg,face
1806,MS4/data/faces/face_443.jpg,face
1807,MS4/data/faces/face_510.jpg,face
1808,MS4/data/faces/face_21.jpg,face
1809,MS4/data/faces/face_2297.jpg,face
1810,MS4/data/faces/face_1313.jpg,face
1811,MS4/data/faces/face_1837.jpg,face
1812,MS4/data/faces/face_2223.jpg,face
1813,MS4/data/faces/face_380.jpg,face
1814,MS4/data/faces/face_2238.jpg,face
1815,MS4/data/faces/face_1959.jpg,face
1816,MS4/data/faces/face_598.jpg,face
1817,MS4/data/faces/face_1828.jpg,face
1818,MS4/data/faces/face_303.jpg,face
1819,MS4/data/faces/face_524.jpg,face
1820,MS4/data/faces/face_218.jpg,face
1821,MS4/data/faces/face_107.jpg,face
1822,MS4/data/faces/face_714.jpg,face
1823,MS4/data/faces/face_182.jpg,face
1824,MS4/data/faces/face_2219.jpg,face
1825,MS4/data/faces/face_2316.jpg,face
1826,MS4/data/faces/face_273.jpg,face
1827,MS4/data/faces/face_1886.jpg,face
1828,MS4/data/faces/face_8.jpg,face
1829,MS4/data/faces/face_90.jpg,face
1830,MS4/data/faces/face_2333.jpg,face
1831,MS4/data/faces/face_931.jpg,face
1832,MS4/data/faces/face_1823.jpg,face
1833,MS4/data/faces/face_758.jpg,face
1834,MS4/data/faces/face_1227.jpg,face
1835,MS4/data/faces/face_1679.jpg,face
1836,MS4/data/faces/face_1702.jpg,face
1837,MS4/data/faces/face_190.jpg,face
1838,MS4/data/faces/face_432.jpg,face
1839,MS4/data/faces/face_2389.jpg,face
1840,MS4/data/faces/face_1374.jpg,face
1841,MS4/data/faces/face_164.jpg,face
1842,MS4/data/faces/face_797.jpg,face
1843,MS4/data/faces/face_647.jpg,face
1844,MS4/data/faces/face_1129.jpg,face
1845,MS4/data/faces/face_515.jpg,face
1846,MS4/data/faces/face_1566.jpg,face
1847,MS4/data/faces/face_343.jpg,face
1848,MS4/data/faces/face_297.jpg,face
1849,MS4/data/faces/face_1878.jpg,face
1850,MS4/data/faces/face_857.jpg,face
1851,MS4/data/faces/face_1545.jpg,face
1852,MS4/data/faces/face_1970.jpg,face
1853,MS4/data/faces/face_1418.jpg,face
1854,MS4/data/faces/face_2382.jpg,face
1855,MS4/data/faces/face_2448.jpg,face
1856,MS4/data/faces/face_301.jpg,face
1857,MS4/data/faces/face_1435.jpg,face
1858,MS4/data/faces/face_2550.jpg,face
1859,MS4/data/faces/face_1383.jpg,face
1860,MS4/data/faces/face_112.jpg,face
1861,MS4/data/faces/face_386.jpg,face
1862,MS4/data/faces/face_1156.jpg,face
1863,MS4/data/faces/face_2352.jpg,face
1864,MS4/data/faces/face_1567.jpg,face
1865,MS4/data/faces/face_1572.jpg,face
1866,MS4/data/faces/face_1948.jpg,face
1867,MS4/data/faces/face_2143.jpg,face
1868,MS4/data/faces/face_562.jpg,face
1869,MS4/data/faces/face_125.jpg,face
1870,MS4/data/faces/face_1263.jpg,face
1871,MS4/data/faces/face_1329.jpg,face
1872,MS4/data/faces/face_235.jpg,face
1873,MS4/data/faces/face_951.jpg,face
1874,MS4/data/faces/face_150.jpg,face
1875,MS4/data/faces/face_1640.jpg,face
1876,MS4/data/faces/face_834.jpg,face
1877,MS4/data/faces/face_1017.jpg,face
1878,MS4/data/faces/face_2130.jpg,face
1879,MS4/data/faces/face_334.jpg,face
1880,MS4/data/faces/face_539.jpg,face
1881,MS4/data/faces/face_228.jpg,face
1882,MS4/data/faces/face_586.jpg,face
1883,MS4/data/faces/face_1936.jpg,face
1884,MS4/data/faces/face_271.jpg,face
1885,MS4/data/faces/face_2267.jpg,face
1886,MS4/data/faces/face_1244.jpg,face
1887,MS4/data/faces/face_60.jpg,face
1888,MS4/data/faces/face_402.jpg,face
1889,MS4/data/faces/face_1281.jpg,face
1890,MS4/data/faces/face_1457.jpg,face
1891,MS4/data/faces/face_2169.jpg,face
1892,MS4/data/faces/face_2192.jpg,face
1893,MS4/data/faces/face_1683.jpg,face
1894,MS4/data/faces/face_864.jpg,face
1895,MS4/data/faces/face_459.jpg,face
1896,MS4/data/faces/face_866.jpg,face
1897,MS4/data/faces/face_311.jpg,face
1898,MS4/data/faces/face_1510.jpg,face
1899,MS4/data/faces/face_370.jpg,face
1900,MS4/data/faces/face_734.jpg,face
1901,MS4/data/faces/face_2125.jpg,face
1902,MS4/data/faces/face_2040.jpg,face
1903,MS4/data/faces/face_194.jpg,face
1904,MS4/data/faces/face_1128.jpg,face
1905,MS4/data/faces/face_1472.jpg,face
1906,MS4/data/faces/face_35.jpg,face
1907,MS4/data/faces/face_1368.jpg,face
1908,MS4/data/faces/face_1164.jpg,face
1909,MS4/data/faces/face_1559.jpg,face
1910,MS4/data/faces/face_2096.jpg,face
1911,MS4/data/faces/face_435.jpg,face
1912,MS4/data/faces/face_2233.jpg,face
1913,MS4/data/faces/face_1450.jpg,face
1914,MS4/data/faces/face_491.jpg,face
1915,MS4/data/faces/face_2043.jpg,face
1916,MS4/data/faces/face_1170.jpg,face
1917,MS4/data/faces/face_2095.jpg,face
1918,MS4/data/faces/face_1240.jpg,face
1919,MS4/data/faces/face_961.jpg,face
1920,MS4/data/faces/face_1136.jpg,face
1921,MS4/data/faces/face_741.jpg,face
1922,MS4/data/faces/face_733.jpg,face
1923,MS4/data/faces/face_1558.jpg,face
1924,MS4/data/faces/face_2461.jpg,face
1925,MS4/data/faces/face_1478.jpg,face
1926,MS4/data/faces/face_1854.jpg,face
1927,MS4/data/faces/face_1610.jpg,face
1928,MS4/data/faces/face_1056.jpg,face
1929,MS4/data/faces/face_47.jpg,face
1930,MS4/data/faces/face_353.jpg,face
1931,MS4/data/faces/face_2320.jpg,face
1932,MS4/data/faces/face_1498.jpg,face
1933,MS4/data/faces/face_826.jpg,face
1934,MS4/data/faces/face_1562.jpg,face
1935,MS4/data/faces/face_2056.jpg,face
1936,MS4/data/faces/face_1110.jpg,face
1937,MS4/data/faces/face_294.jpg,face
1938,MS4/data/faces/face_2334.jpg,face
1939,MS4/data/faces/face_2141.jpg,face
1940,MS4/data/faces/face_1535.jpg,face
1941,MS4/data/faces/face_1473.jpg,face
1942,MS4/data/faces/face_745.jpg,face
1943,MS4/data/faces/face_1416.jpg,face
1944,MS4/data/faces/face_422.jpg,face
1945,MS4/data/faces/face_1765.jpg,face
1946,MS4/data/faces/face_1250.jpg,face
1947,MS4/data/faces/face_1396.jpg,face
1948,MS4/data/faces/face_1695.jpg,face
1949,MS4/data/faces/face_337.jpg,face
1950,MS4/data/faces/face_1725.jpg,face
1951,MS4/data/faces/face_2063.jpg,face
1952,MS4/data/faces/face_1025.jpg,face
1953,MS4/data/faces/face_1717.jpg,face
1954,MS4/data/faces/face_1723.jpg,face
1955,MS4/data/faces/face_1419.jpg,face
1956,MS4/data/faces/face_387.jpg,face
1957,MS4/data/faces/face_1859.jpg,face
1958,MS4/data/faces/face_1214.jpg,face
1959,MS4/data/faces/face_1330.jpg,face
1960,MS4/data/faces/face_2545.jpg,face
1961,MS4/data/faces/face_2508.jpg,face
1962,MS4/data/faces/face_2331.jpg,face
1963,MS4/data/faces/face_2258.jpg,face
1964,MS4/data/faces/face_1624.jpg,face
1965,MS4/data/faces/face_1551.jpg,face
1966,MS4/data/faces/face_2107.jpg,face
1967,MS4/data/faces/face_1219.jpg,face
1968,MS4/data/faces/face_2460.jpg,face
1969,MS4/data/faces/face_408.jpg,face
1970,MS4/data/faces/face_2494.jpg,face
1971,MS4/data/faces/face_152.jpg,face
1972,MS4/data/faces/face_578.jpg,face
1973,MS4/data/faces/face_219.jpg,face
1974,MS4/data/faces/face_2428.jpg,face
1975,MS4/data/faces/face_1541.jpg,face
1976,MS4/data/faces/face_2408.jpg,face
1977,MS4/data/faces/face_1750.jpg,face
1978,MS4/data/faces/face_1272.jpg,face
1979,MS4/data/faces/face_1747.jpg,face
1980,MS4/data/faces/face_1145.jpg,face
1981,MS4/data/faces/face_535.jpg,face
1982,MS4/data/faces/face_468.jpg,face
1983,MS4/data/faces/face_1604.jpg,face
1984,MS4/data/faces/face_1953.jpg,face
1985,MS4/data/faces/face_104.jpg,face
1986,MS4/data/faces/face_1575.jpg,face
1987,MS4/data/faces/face_815.jpg,face
1988,MS4/data/faces/face_306.jpg,face
1989,MS4/data/faces/face_1051.jpg,face
1990,MS4/data/faces/face_1305.jpg,face
1991,MS4/data/faces/face_392.jpg,face
1992,MS4/data/faces/face_1704.jpg,face
1993,MS4/data/faces/face_1815.jpg,face
1994,MS4/data/faces/face_781.jpg,face
1995,MS4/data/faces/face_2205.jpg,face
1996,MS4/data/faces/face_660.jpg,face
1997,MS4/data/faces/face_1225.jpg,face
1998,MS4/data/faces/face_1638.jpg,face
1999,MS4/data/faces/face_1969.jpg,face
2000,MS4/data/faces/face_1166.jpg,face
2001,MS4/data/faces/face_1654.jpg,face
2002,MS4/data/faces/face_1015.jpg,face
2003,MS4/data/faces/face_1615.jpg,face
2004,MS4/data/faces/face_2007.jpg,face
2005,MS4/data/faces/face_428.jpg,face
2006,MS4/data/faces/face_447.jpg,face
2007,MS4/data/faces/face_162.jpg,face
2008,MS4/data/faces/face_2348.jpg,face
2009,MS4/data/faces/face_1880.jpg,face
2010,MS4/data/faces/face_1187.jpg,face
2011,MS4/data/faces/face_2433.jpg,face
2012,MS4/data/faces/face_1475.jpg,face
2013,MS4/data/faces/face_2471.jpg,face
2014,MS4/data/faces/face_863.jpg,face
2015,MS4/data/faces/face_201.jpg,face
2016,MS4/data/faces/face_838.jpg,face
2017,MS4/data/faces/face_527.jpg,face
2018,MS4/data/faces/face_2481.jpg,face
2019,MS4/data/faces/face_709.jpg,face
2020,MS4/data/faces/face_1019.jpg,face
2021,MS4/data/faces/face_697.jpg,face
2022,MS4/data/faces/face_916.jpg,face
2023,MS4/data/faces/face_1212.jpg,face
2024,MS4/data/faces/face_1059.jpg,face
2025,MS4/data/faces/face_1163.jpg,face
2026,MS4/data/faces/face_2011.jpg,face
2027,MS4/data/faces/face_523.jpg,face
2028,MS4/data/faces/face_1300.jpg,face
2029,MS4/data/faces/face_1234.jpg,face
2030,MS4/data/faces/face_845.jpg,face
2031,MS4/data/faces/face_1391.jpg,face
2032,MS4/data/faces/face_2091.jpg,face
2033,MS4/data/faces/face_1179.jpg,face
2034,MS4/data/faces/face_715.jpg,face
2035,MS4/data/faces/face_1919.jpg,face
2036,MS4/data/faces/face_18.jpg,face
2037,MS4/data/faces/face_1150.jpg,face
2038,MS4/data/faces/face_1392.jpg,face
2039,MS4/data/faces/face_1188.jpg,face
2040,MS4/data/faces/face_1297.jpg,face
2041,MS4/data/faces/face_2314.jpg,face
2042,MS4/data/faces/face_13.jpg,face
2043,MS4/data/faces/face_179.jpg,face
2044,MS4/data/faces/face_1973.jpg,face
2045,MS4/data/faces/face_1883.jpg,face
2046,MS4/data/faces/face_2309.jpg,face
2047,MS4/data/faces/face_2518.jpg,face
2048,MS4/data/faces/face_1611.jpg,face
2049,MS4/data/faces/face_574.jpg,face
2050,MS4/data/faces/face_1463.jpg,face
2051,MS4/data/faces/face_2071.jpg,face
2052,MS4/data/faces/face_2407.jpg,face
2053,MS4/data/faces/face_1346.jpg,face
2054,MS4/data/faces/face_1490.jpg,face
2055,MS4/data/faces/face_20.jpg,face
2056,MS4/data/faces/face_1260.jpg,face
2057,MS4/data/faces/face_1786.jpg,face
2058,MS4/data/faces/face_2228.jpg,face
2059,MS4/data/faces/face_1465.jpg,face
2060,MS4/data/faces/face_1299.jpg,face
2061,MS4/data/faces/face_2488.jpg,face
2062,MS4/data/faces/face_680.jpg,face
2063,MS4/data/faces/face_1932.jpg,face
2064,MS4/data/faces/face_278.jpg,face
2065,MS4/data/faces/face_1005.jpg,face
2066,MS4/data/faces/face_473.jpg,face
2067,MS4/data/faces/face_2525.jpg,face
2068,MS4/data/faces/face_1917.jpg,face
2069,MS4/data/faces/face_1726.jpg,face
2070,MS4/data/faces/face_1178.jpg,face
2071,MS4/data/faces/face_1318.jpg,face
2072,MS4/data/faces/face_403.jpg,face
2073,MS4/data/faces/face_1524.jpg,face
2074,MS4/data/faces/face_677.jpg,face
2075,MS4/data/faces/face_178.jpg,face
2076,MS4/data/faces/face_1023.jpg,face
2077,MS4/data/faces/face_989.jpg,face
2078,MS4/data/faces/face_2042.jpg,face
2079,MS4/data/faces/face_494.jpg,face
2080,MS4/data/faces/face_39.jpg,face
2081,MS4/data/faces/face_1631.jpg,face
2082,MS4/data/faces/face_172.jpg,face
2083,MS4/data/faces/face_500.jpg,face
2084,MS4/data/faces/face_554.jpg,face
2085,MS4/data/faces/face_244.jpg,face
2086,MS4/data/faces/face_1428.jpg,face
2087,MS4/data/faces/face_1734.jpg,face
2088,MS4/data/faces/face_1438.jpg,face
2089,MS4/data/faces/face_323.jpg,face
2090,MS4/data/faces/face_2418.jpg,face
2091,MS4/data/faces/face_1520.jpg,face
2092,MS4/data/faces/face_2086.jpg,face
2093,MS4/data/faces/face_713.jpg,face
2094,MS4/data/faces/face_1759.jpg,face
2095,MS4/data/faces/face_357.jpg,face
2096,MS4/data/faces/face_1641.jpg,face
2097,MS4/data/faces/face_2469.jpg,face
2098,MS4/data/faces/face_548.jpg,face
2099,MS4/data/faces/face_670.jpg,face
2100,MS4/data/faces/face_1363.jpg,face
2101,MS4/data/faces/face_2507.jpg,face
2102,MS4/data/faces/face_118.jpg,face
2103,MS4/data/faces/face_613.jpg,face
2104,MS4/data/faces/face_460.jpg,face
2105,MS4/data/faces/face_1763.jpg,face
2106,MS4/data/faces/face_1684.jpg,face
2107,MS4/data/faces/face_1332.jpg,face
2108,MS4/data/faces/face_1816.jpg,face
2109,MS4/data/faces/face_289.jpg,face
2110,MS4/data/faces/face_589.jpg,face
2111,MS4/data/faces/face_1656.jpg,face
2112,MS4/data/faces/face_2135.jpg,face
2113,MS4/data/faces/face_757.jpg,face
2114,MS4/data/faces/face_2485.jpg,face
2115,MS4/data/faces/face_767.jpg,face
2116,MS4/data/faces/face_1360.jpg,face
2117,MS4/data/faces/face_445.jpg,face
2118,MS4/data/faces/face_2187.jpg,face
2119,MS4/data/faces/face_2046.jpg,face
2120,MS4/data/faces/face_837.jpg,face
2121,MS4/data/faces/face_1694.jpg,face
2122,MS4/data/faces/face_1437.jpg,face
2123,MS4/data/faces/face_1577.jpg,face
2124,MS4/data/faces/face_2173.jpg,face
2125,MS4/data/faces/face_1623.jpg,face
2126,MS4/data/faces/face_791.jpg,face
2127,MS4/data/faces/face_2240.jpg,face
2128,MS4/data/faces/face_286.jpg,face
2129,MS4/data/faces/face_176.jpg,face
2130,MS4/data/faces/face_1099.jpg,face
2131,MS4/data/faces/face_268.jpg,face
2132,MS4/data/faces/face_821.jpg,face
2133,MS4/data/faces/face_2499.jpg,face
2134,MS4/data/faces/face_233.jpg,face
2135,MS4/data/faces/face_2503.jpg,face
2136,MS4/data/faces/face_805.jpg,face
2137,MS4/data/faces/face_382.jpg,face
2138,MS4/data/faces/face_2148.jpg,face
2139,MS4/data/faces/face_1570.jpg,face
2140,MS4/data/faces/face_853.jpg,face
2141,MS4/data/faces/face_2374.jpg,face
2142,MS4/data/faces/face_2176.jpg,face
2143,MS4/data/faces/face_1146.jpg,face
2144,MS4/data/faces/face_1378.jpg,face
2145,MS4/data/faces/face_810.jpg,face
2146,MS4/data/faces/face_490.jpg,face
2147,MS4/data/faces/face_2290.jpg,face
2148,MS4/data/faces/face_2504.jpg,face
2149,MS4/data/faces/face_169.jpg,face
2150,MS4/data/faces/face_606.jpg,face
2151,MS4/data/faces/face_243.jpg,face
2152,MS4/data/faces/face_1032.jpg,face
2153,MS4/data/faces/face_1293.jpg,face
2154,MS4/data/faces/face_2437.jpg,face
2155,MS4/data/faces/face_1013.jpg,face
2156,MS4/data/faces/face_1404.jpg,face
2157,MS4/data/faces/face_2419.jpg,face
2158,MS4/data/faces/face_2339.jpg,face
2159,MS4/data/faces/face_1929.jpg,face
2160,MS4/data/faces/face_1335.jpg,face
2161,MS4/data/faces/face_2028.jpg,face
2162,MS4/data/faces/face_1728.jpg,face
2163,MS4/data/faces/face_2216.jpg,face
2164,MS4/data/faces/face_366.jpg,face
2165,MS4/data/faces/face_2212.jpg,face
2166,MS4/data/faces/face_1673.jpg,face
2167,MS4/data/faces/face_2153.jpg,face
2168,MS4/data/faces/face_2537.jpg,face
2169,MS4/data/faces/face_249.jpg,face
2170,MS4/data/faces/face_628.jpg,face
2171,MS4/data/faces/face_1489.jpg,face
2172,MS4/data/faces/face_1685.jpg,face
2173,MS4/data/faces/face_2000.jpg,face
2174,MS4/data/faces/face_568.jpg,face
2175,MS4/data/faces/face_2164.jpg,face
2176,MS4/data/faces/face_526.jpg,face
2177,MS4/data/faces/face_2422.jpg,face
2178,MS4/data/faces/face_2150.jpg,face
2179,MS4/data/faces/face_2558.jpg,face
2180,MS4/data/faces/face_1245.jpg,face
2181,MS4/data/faces/face_1072.jpg,face
2182,MS4/data/faces/face_982.jpg,face
2183,MS4/data/faces/face_476.jpg,face
2184,MS4/data/faces/face_2038.jpg,face
2185,MS4/data/faces/face_681.jpg,face
2186,MS4/data/faces/face_79.jpg,face
2187,MS4/data/faces/face_1564.jpg,face
2188,MS4/data/faces/face_2452.jpg,face
2189,MS4/data/faces/face_787.jpg,face
2190,MS4/data/faces/face_2539.jpg,face
2191,MS4/data/faces/face_910.jpg,face
2192,MS4/data/faces/face_1119.jpg,face
2193,MS4/data/faces/face_2172.jpg,face
2194,MS4/data/faces/face_882.jpg,face
2195,MS4/data/faces/face_1601.jpg,face
2196,MS4/data/faces/face_1421.jpg,face
2197,MS4/data/faces/face_1689.jpg,face
2198,MS4/data/faces/face_2468.jpg,face
2199,MS4/data/faces/face_1873.jpg,face
2200,MS4/data/faces/face_937.jpg,face
2201,MS4/data/faces/face_2006.jpg,face
2202,MS4/data/faces/face_1563.jpg,face
2203,MS4/data/faces/face_1532.jpg,face
2204,MS4/data/faces/face_2346.jpg,face
2205,MS4/data/faces/face_1033.jpg,face
2206,MS4/data/faces/face_1555.jpg,face
2207,MS4/data/faces/face_832.jpg,face
2208,MS4/data/faces/face_493.jpg,face
2209,MS4/data/faces/face_2397.jpg,face
2210,MS4/data/faces/face_1365.jpg,face
2211,MS4/data/faces/face_100.jpg,face
2212,MS4/data/faces/face_1597.jpg,face
2213,MS4/data/faces/face_1767.jpg,face
2214,MS4/data/faces/face_2076.jpg,face
2215,MS4/data/faces/face_1320.jpg,face
2216,MS4/data/faces/face_2483.jpg,face
2217,MS4/data/faces/face_296.jpg,face
2218,MS4/data/faces/face_1794.jpg,face
2219,MS4/data/faces/face_16.jpg,face
2220,MS4/data/faces/face_1990.jpg,face
2221,MS4/data/faces/face_933.jpg,face
2222,MS4/data/faces/face_1047.jpg,face
2223,MS4/data/faces/face_1412.jpg,face
2224,MS4/data/faces/face_2521.jpg,face
2225,MS4/data/faces/face_2531.jpg,face
2226,MS4/data/faces/face_2082.jpg,face
2227,MS4/data/faces/face_900.jpg,face
2228,MS4/data/faces/face_1968.jpg,face
2229,MS4/data/faces/face_887.jpg,face
2230,MS4/data/faces/face_2160.jpg,face
2231,MS4/data/faces/face_2285.jpg,face
2232,MS4/data/faces/face_2269.jpg,face
2233,MS4/data/faces/face_1441.jpg,face
2234,MS4/data/faces/face_1048.jpg,face
2235,MS4/data/faces/face_558.jpg,face
2236,MS4/data/faces/face_1963.jpg,face
2237,MS4/data/faces/face_1186.jpg,face
2238,MS4/data/faces/face_2079.jpg,face
2239,MS4/data/faces/face_1153.jpg,face
2240,MS4/data/faces/face_1097.jpg,face
2241,MS4/data/faces/face_609.jpg,face
2242,MS4/data/faces/face_187.jpg,face
2243,MS4/data/faces/face_133.jpg,face
2244,MS4/data/faces/face_517.jpg,face
2245,MS4/data/faces/face_1955.jpg,face
2246,MS4/data/faces/face_488.jpg,face
2247,MS4/data/faces/face_2182.jpg,face
2248,MS4/data/faces/face_0.jpg,face
2249,MS4/data/faces/face_2299.jpg,face
2250,MS4/data/faces/face_1062.jpg,face
2251,MS4/data/faces/face_656.jpg,face
2252,MS4/data/faces/face_940.jpg,face
2253,MS4/data/faces/face_604.jpg,face
2254,MS4/data/faces/face_577.jpg,face
2255,MS4/data/faces/face_1139.jpg,face
2256,MS4/data/faces/face_1195.jpg,face
2257,MS4/data/faces/face_1533.jpg,face
2258,MS4/data/faces/face_764.jpg,face
2259,MS4/data/faces/face_2022.jpg,face
2260,MS4/data/faces/face_955.jpg,face
2261,MS4/data/faces/face_1514.jpg,face
2262,MS4/data/faces/face_1243.jpg,face
2263,MS4/data/faces/face_1537.jpg,face
2264,MS4/data/faces/face_407.jpg,face
2265,MS4/data/faces/face_1882.jpg,face
2266,MS4/data/faces/face_251.jpg,face
2267,MS4/data/faces/face_2250.jpg,face
2268,MS4/data/faces/face_2239.jpg,face
2269,MS4/data/faces/face_341.jpg,face
2270,MS4/data/faces/face_867.jpg,face
2271,MS4/data/faces/face_2528.jpg,face
2272,MS4/data/faces/face_893.jpg,face
2273,MS4/data/faces/face_1622.jpg,face
2274,MS4/data/faces/face_1122.jpg,face
2275,MS4/data/faces/face_1159.jpg,face
2276,MS4/data/faces/face_1935.jpg,face
2277,MS4/data/faces/face_2308.jpg,face
2278,MS4/data/faces/face_975.jpg,face
2279,MS4/data/faces/face_534.jpg,face
2280,MS4/data/faces/face_1821.jpg,face
2281,MS4/data/faces/face_1534.jpg,face
2282,MS4/data/faces/face_2200.jpg,face
2283,MS4/data/faces/face_438.jpg,face
2284,MS4/data/faces/face_978.jpg,face
2285,MS4/data/faces/face_2275.jpg,face
2286,MS4/data/faces/face_1248.jpg,face
2287,MS4/data/faces/face_1269.jpg,face
2288,MS4/data/faces/face_1817.jpg,face
2289,MS4/data/faces/face_894.jpg,face
2290,MS4/data/faces/face_319.jpg,face
2291,MS4/data/faces/face_2473.jpg,face
2292,MS4/data/faces/face_1781.jpg,face
2293,MS4/data/faces/face_1949.jpg,face
2294,MS4/data/faces/face_1037.jpg,face
2295,MS4/data/faces/face_822.jpg,face
2296,MS4/data/faces/face_2474.jpg,face
2297,MS4/data/faces/face_871.jpg,face
2298,MS4/data/faces/face_2332.jpg,face
2299,MS4/data/faces/face_1259.jpg,face
2300,MS4/data/faces/face_963.jpg,face
2301,MS4/data/faces/face_732.jpg,face
2302,MS4/data/faces/face_2248.jpg,face
2303,MS4/data/faces/face_1690.jpg,face
2304,MS4/data/faces/face_461.jpg,face
2305,MS4/data/faces/face_2365.jpg,face
2306,MS4/data/faces/face_1103.jpg,face
2307,MS4/data/faces/face_1992.jpg,face
2308,MS4/data/faces/face_2179.jpg,face
2309,MS4/data/faces/face_177.jpg,face
2310,MS4/data/faces/face_2158.jpg,face
2311,MS4/data/faces/face_1271.jpg,face
2312,MS4/data/faces/face_587.jpg,face
2313,MS4/data/faces/face_1868.jpg,face
2314,MS4/data/faces/face_367.jpg,face
2315,MS4/data/faces/face_1276.jpg,face
2316,MS4/data/faces/face_1493.jpg,face
2317,MS4/data/faces/face_1407.jpg,face
2318,MS4/data/faces/face_1366.jpg,face
2319,MS4/data/faces/face_905.jpg,face
2320,MS4/data/faces/face_1945.jpg,face
2321,MS4/data/faces/face_2362.jpg,face
2322,MS4/data/faces/face_2019.jpg,face
2323,MS4/data/faces/face_888.jpg,face
2324,MS4/data/faces/face_1010.jpg,face
2325,MS4/data/faces/face_1504.jpg,face
2326,MS4/data/faces/face_2147.jpg,face
2327,MS4/data/faces/face_506.jpg,face
2328,MS4/data/faces/face_264.jpg,face
2329,MS4/data/faces/face_1906.jpg,face
2330,MS4/data/faces/face_2409.jpg,face
2331,MS4/data/faces/face_1719.jpg,face
2332,MS4/data/faces/face_986.jpg,face
2333,MS4/data/faces/face_430.jpg,face
2334,MS4/data/faces/face_682.jpg,face
2335,MS4/data/faces/face_719.jpg,face
2336,MS4/data/faces/face_858.jpg,face
2337,MS4/data/faces/face_2366.jpg,face
2338,MS4/data/faces/face_2225.jpg,face
2339,MS4/data/faces/face_2392.jpg,face
2340,MS4/data/faces/face_962.jpg,face
2341,MS4/data/faces/face_1923.jpg,face
2342,MS4/data/faces/face_990.jpg,face
2343,MS4/data/faces/face_997.jpg,face
2344,MS4/data/faces/face_2224.jpg,face
2345,MS4/data/faces/face_1822.jpg,face
2346,MS4/data/faces/face_532.jpg,face
2347,MS4/data/faces/face_1605.jpg,face
2348,MS4/data/faces/face_2058.jpg,face
2349,MS4/data/faces/face_1328.jpg,face
2350,MS4/data/faces/face_2234.jpg,face
2351,MS4/data/faces/face_409.jpg,face
2352,MS4/data/faces/face_2554.jpg,face
2353,MS4/data/faces/face_1310.jpg,face
2354,MS4/data/faces/face_1744.jpg,face
2355,MS4/data/faces/face_1067.jpg,face
2356,MS4/data/faces/face_2184.jpg,face
2357,MS4/data/faces/face_728.jpg,face
2358,MS4/data/faces/face_723.jpg,face
2359,MS4/data/faces/face_2357.jpg,face
2360,MS4/data/faces/face_1800.jpg,face
2361,MS4/data/faces/face_607.jpg,face
2362,MS4/data/faces/face_583.jpg,face
2363,MS4/data/faces/face_779.jpg,face
2364,MS4/data/faces/face_2510.jpg,face
2365,MS4/data/faces/face_1398.jpg,face
2366,MS4/data/faces/face_1543.jpg,face
2367,MS4/data/faces/face_113.jpg,face
2368,MS4/data/faces/face_553.jpg,face
2369,MS4/data/faces/face_197.jpg,face
2370,MS4/data/faces/face_836.jpg,face
2371,MS4/data/faces/face_1804.jpg,face
2372,MS4/data/faces/face_1380.jpg,face
2373,MS4/data/faces/face_1771.jpg,face
2374,MS4/data/faces/face_188.jpg,face
2375,MS4/data/faces/face_768.jpg,face
2376,MS4/data/faces/face_1274.jpg,face
2377,MS4/data/faces/face_391.jpg,face
2378,MS4/data/faces/face_1255.jpg,face
2379,MS4/data/faces/face_2283.jpg,face
2380,MS4/data/faces/face_563.jpg,face
2381,MS4/data/faces/face_2123.jpg,face
2382,MS4/data/faces/face_1677.jpg,face
2383,MS4/data/faces/face_1700.jpg,face
2384,MS4/data/faces/face_1105.jpg,face
2385,MS4/data/faces/face_400.jpg,face
2386,MS4/data/faces/face_2431.jpg,face
2387,MS4/data/faces/face_972.jpg,face
2388,MS4/data/faces/face_1692.jpg,face
2389,MS4/data/faces/face_2041.jpg,face
2390,MS4/data/faces/face_2242.jpg,face
2391,MS4/data/faces/face_2436.jpg,face
2392,MS4/data/faces/face_1964.jpg,face
2393,MS4/data/faces/face_657.jpg,face
2394,MS4/data/faces/face_1991.jpg,face
2395,MS4/data/faces/face_1484.jpg,face
2396,MS4/data/faces/face_1836.jpg,face
2397,MS4/data/faces/face_2426.jpg,face
2398,MS4/data/faces/face_601.jpg,face
2399,MS4/data/faces/face_1643.jpg,face
2400,MS4/data/faces/face_596.jpg,face
2401,MS4/data/faces/face_487.jpg,face
2402,MS4/data/faces/face_346.jpg,face
2403,MS4/data/faces/face_1542.jpg,face
2404,MS4/data/faces/face_221.jpg,face
2405,MS4/data/faces/face_917.jpg,face
2406,MS4/data/faces/face_88.jpg,face
2407,MS4/data/faces/face_2266.jpg,face
2408,MS4/data/faces/face_769.jpg,face
2409,MS4/data/faces/face_1268.jpg,face
2410,MS4/data/faces/face_2328.jpg,face
2411,MS4/data/faces/face_222.jpg,face
2412,MS4/data/faces/face_671.jpg,face
2413,MS4/data/faces/face_1889.jpg,face
2414,MS4/data/faces/face_1496.jpg,face
2415,MS4/data/faces/face_1461.jpg,face
2416,MS4/data/faces/face_1096.jpg,face
2417,MS4/data/faces/face_1.jpg,face
2418,MS4/data/faces/face_87.jpg,face
2419,MS4/data/faces/face_195.jpg,face
2420,MS4/data/faces/face_748.jpg,face
2421,MS4/data/faces/face_389.jpg,face
2422,MS4/data/faces/face_2350.jpg,face
2423,MS4/data/faces/face_1626.jpg,face
2424,MS4/data/faces/face_616.jpg,face
2425,MS4/data/faces/face_1652.jpg,face
2426,MS4/data/faces/face_324.jpg,face
2427,MS4/data/faces/face_1582.jpg,face
2428,MS4/data/faces/face_873.jpg,face
2429,MS4/data/faces/face_2395.jpg,face
2430,MS4/data/faces/face_2102.jpg,face
2431,MS4/data/faces/face_1754.jpg,face
2432,MS4/data/faces/face_1578.jpg,face
2433,MS4/data/faces/face_726.jpg,face
2434,MS4/data/faces/face_1902.jpg,face
2435,MS4/data/faces/face_360.jpg,face
2436,MS4/data/faces/face_426.jpg,face
2437,MS4/data/faces/face_1715.jpg,face
2438,MS4/data/faces/face_1218.jpg,face
2439,MS4/data/faces/face_570.jpg,face
2440,MS4/data/faces/face_330.jpg,face
2441,MS4/data/faces/face_44.jpg,face
2442,MS4/data/faces/face_46.jpg,face
2443,MS4/data/faces/face_1028.jpg,face
2444,MS4/data/faces/face_2306.jpg,face
2445,MS4/data/faces/face_1838.jpg,face
2446,MS4/data/faces/face_720.jpg,face
2447,MS4/data/faces/face_1596.jpg,face
2448,MS4/data/faces/face_2002.jpg,face
2449,MS4/data/faces/face_5.jpg,face
2450,MS4/data/faces/face_2298.jpg,face
2451,MS4/data/faces/face_502.jpg,face
2452,MS4/data/faces/face_1306.jpg,face
2453,MS4/data/faces/face_6.jpg,face
2454,MS4/data/faces/face_58.jpg,face
2455,MS4/data/faces/face_1497.jpg,face
2456,MS4/data/faces/face_1262.jpg,face
2457,MS4/data/faces/face_2026.jpg,face
2458,MS4/data/faces/face_673.jpg,face
2459,MS4/data/faces/face_1587.jpg,face
2460,MS4/data/faces/face_485.jpg,face
2461,MS4/data/faces/face_2156.jpg,face
2462,MS4/data/faces/face_2170.jpg,face
2463,MS4/data/faces/face_1846.jpg,face
2464,MS4/data/faces/face_2561.jpg,face
2465,MS4/data/faces/face_1548.jpg,face
2466,MS4/data/faces/face_1768.jpg,face
2467,MS4/data/faces/face_906.jpg,face
2468,MS4/data/faces/face_941.jpg,face
2469,MS4/data/faces/face_1058.jpg,face
2470,MS4/data/faces/face_144.jpg,face
2471,MS4/data/faces/face_2318.jpg,face
2472,MS4/data/faces/face_2343.jpg,face
2473,MS4/data/faces/face_2441.jpg,face
2474,MS4/data/faces/face_1168.jpg,face
2475,MS4/data/faces/face_423.jpg,face
2476,MS4/data/faces/face_2137.jpg,face
2477,MS4/data/faces/face_2377.jpg,face
2478,MS4/data/faces/face_1232.jpg,face
2479,MS4/data/faces/face_579.jpg,face
2480,MS4/data/faces/face_282.jpg,face
2481,MS4/data/faces/face_2394.jpg,face
2482,MS4/data/faces/face_807.jpg,face
2483,MS4/data/faces/face_314.jpg,face
2484,MS4/data/faces/face_1270.jpg,face
2485,MS4/data/faces/face_2213.jpg,face
2486,MS4/data/faces/face_263.jpg,face
2487,MS4/data/faces/face_24.jpg,face
2488,MS4/data/faces/face_2211.jpg,face
2489,MS4/data/faces/face_326.jpg,face
2490,MS4/data/faces/face_1712.jpg,face
2491,MS4/data/faces/face_1658.jpg,face
2492,MS4/data/faces/face_1789.jpg,face
2493,MS4/data/faces/face_1409.jpg,face
2494,MS4/data/faces/face_45.jpg,face
2495,MS4/data/faces/face_309.jpg,face
2496,MS4/data/faces/face_2094.jpg,face
2497,MS4/data/faces/face_654.jpg,face
2498,MS4/data/faces/face_717.jpg,face
2499,MS4/data/faces/face_339.jpg,face
2500,MS4/data/faces/face_181.jpg,face
2501,MS4/data/faces/face_970.jpg,face
2502,MS4/data/faces/face_1393.jpg,face
2503,MS4/data/faces/face_398.jpg,face
2504,MS4/data/faces/face_427.jpg,face
2505,MS4/data/faces/face_1829.jpg,face
2506,MS4/data/faces/face_2326.jpg,face
2507,MS4/data/faces/face_2379.jpg,face
2508,MS4/data/faces/face_2191.jpg,face
2509,MS4/data/faces/face_2128.jpg,face
2510,MS4/data/faces/face_153.jpg,face
2511,MS4/data/faces/face_571.jpg,face
2512,MS4/data/faces/face_474.jpg,face
2513,MS4/data/faces/face_2296.jpg,face
2514,MS4/data/faces/face_2025.jpg,face
2515,MS4/data/faces/face_830.jpg,face
2516,MS4/data/faces/face_1819.jpg,face
2517,MS4/data/faces/face_746.jpg,face
2518,MS4/data/faces/face_1137.jpg,face
2519,MS4/data/faces/face_2358.jpg,face
2520,MS4/data/faces/face_148.jpg,face
2521,MS4/data/faces/face_862.jpg,face
2522,MS4/data/faces/face_874.jpg,face
2523,MS4/data/faces/face_1701.jpg,face
2524,MS4/data/faces/face_718.jpg,face
2525,MS4/data/faces/face_904.jpg,face
2526,MS4/data/faces/face_588.jpg,face
2527,MS4/data/faces/face_1302.jpg,face
2528,MS4/data/faces/face_747.jpg,face
2529,MS4/data/faces/face_1267.jpg,face
2530,MS4/data/faces/face_209.jpg,face
2531,MS4/data/faces/face_1111.jpg,face
2532,MS4/data/faces/face_1847.jpg,face
2533,MS4/data/faces/face_890.jpg,face
2534,MS4/data/faces/face_2120.jpg,face
2535,MS4/data/faces/face_2412.jpg,face
2536,MS4/data/faces/face_1891.jpg,face
2537,MS4/data/faces/face_1592.jpg,face
2538,MS4/data/faces/face_1779.jpg,face
2539,MS4/data/faces/face_814.jpg,face
2540,MS4/data/faces/face_727.jpg,face
2541,MS4/data/faces/face_256.jpg,face
2542,MS4/data/faces/face_1609.jpg,face
2543,MS4/data/faces/face_760.jpg,face
2544,MS4/data/faces/face_2090.jpg,face
2545,MS4/data/faces/face_466.jpg,face
2546,MS4/data/faces/face_165.jpg,face
2547,MS4/data/faces/face_470.jpg,face
2548,MS4/data/faces/face_1762.jpg,face
2549,MS4/data/faces/face_1266.jpg,face
2550,MS4/data/faces/face_418.jpg,face
2551,MS4/data/faces/face_633.jpg,face
2552,MS4/data/faces/face_2178.jpg,face
2553,MS4/data/faces/face_15.jpg,face
2554,MS4/data/faces/face_2549.jpg,face
2555,MS4/data/faces/face_1091.jpg,face
2556,MS4/data/faces/face_698.jpg,face
2557,MS4/data/faces/face_331.jpg,face
2558,MS4/data/faces/face_2194.jpg,face
2559,MS4/data/faces/face_707.jpg,face
2560,MS4/data/faces/face_2375.jpg,face
2561,MS4/data/faces/face_300.jpg,face
